clientid,income,age,loan,default
1,66155,87,8106,0
2,34415,76,6564,0
3,57317,91,8020,0
4,42709,73,6103,0
5,66952,46,8770,1
6,24904,85,15,0
7,48430,54,5722,0
8,24500,60,2971,1
9,40654,83,4755,0
10,25075,67,1409,0
11,64131,53,4351,0
12,59436,88,9254,0
13,61050,54,5893,0
14,27267,89,4759,0
15,63061,67,1850,0
16,50501,0,3977,0
17,43548,67,3935,0
18,43378,88,3277,0
19,20542,89,3157,0
20,58887,54,4965,0
21,23000,59,1148,0
22,32197,-24,4244,0
23,23329,76,222,0
24,27845,79,4959,0
25,65301,76,5465,0
26,47451,55,5361,0
27,63287,-8,9595,0
28,45727,83,6376,0
30,58842,82,10871,0
33,67252,66,4221,0
34,58886,66,7271,0
35,57584,64,1728,0
36,26289,48,341,0
37,25952,86,2109,0
38,32464,78,4326,0
39,60921,46,968,0
40,26578,60,3489,1
41,66260,60,7035,0
42,58787,90,4167,0
43,62545,77,4362,0
44,24381,53,4227,1
45,67852,75,5730,0
46,41725,46,1185,0
47,41896,75,4892,0
48,44379,78,1814,0
49,28416,85,1788,0
50,68427,74,1658,0
51,35975,63,6610,0
52,57596,57,3344,0
53,29681,82,1745,0
54,51656,75,7158,0
55,24912,77,267,0
56,47761,78,5549,0
57,22248,51,4364,1
58,29724,59,3075,0
59,52143,48,2393,0
60,56577,64,5947,0
61,37660,81,2129,0
62,37403,75,2044,0
63,31652,90,5151,0
64,32727,62,1087,0
65,69078,53,4076,0
66,40622,69,4949,0
67,37521,88,8,0
68,30735,50,5946,1
69,24857,49,2692,0
70,33180,77,4621,0
71,66628,80,5992,0
72,38564,49,5604,1
73,33704,61,5898,1
74,57018,72,3507,0
75,40526,56,2119,0
76,50827,79,1765,0
77,40775,88,1922,0
78,55467,84,9226,0
79,38789,89,7650,0
80,58074,78,7388,0
81,57814,71,7252,0
82,45190,81,7893,0
83,36801,71,5406,0
84,68811,52,4211,0
85,30483,61,4514,1
86,44930,47,7708,1
87,43671,53,8066,1
88,27612,47,1513,0
89,53607,55,2378,0
90,33036,53,958,0
91,64275,89,7520,0
92,30673,87,383,0
93,58793,84,4391,0
94,21053,91,754,0
95,42095,83,1183,0
96,50360,56,4217,0
97,41970,91,1622,0
98,51663,91,4147,0
99,53601,48,9601,1
100,43439,52,6879,1
101,51461,64,7292,0
102,41285,75,2313,0
103,62895,77,2001,0
104,57296,53,10601,1
105,60844,73,12072,0
106,47634,72,141,0
107,23998,57,3928,1
108,63391,62,190,0
109,21534,72,228,0
110,28255,63,2109,0
111,36496,47,165,0
112,41631,81,106,0
113,68762,48,2796,0
114,30075,57,2628,0
115,41302,66,1379,0
116,39703,75,2403,0
117,63161,87,804,0
118,63062,54,56,0
119,34507,66,1793,0
120,27954,57,1627,0
121,37369,63,3783,0
122,43912,51,7757,1
123,22766,57,1429,0
124,21603,49,178,0
125,61952,46,3635,0
126,36116,50,1494,0
127,26157,50,2295,0
128,26458,87,552,0
129,69156,81,7364,0
130,39441,74,1034,0
131,60119,73,1810,0
132,55613,52,4255,0
133,37049,57,6056,1
134,23122,81,4263,0
135,48790,60,5519,0
136,59132,76,4575,0
137,55305,81,8176,0
138,26037,52,3293,1
139,64899,66,4654,0
140,27089,49,5029,1
141,45341,50,6525,1
142,24865,65,4439,0
143,28239,54,4189,1
144,52730,78,5706,0
145,28982,67,2898,0
146,36221,54,5094,1
147,33551,86,4333,0
148,43891,77,5792,0
149,45148,88,6455,0
150,58481,68,5380,0
151,69579,85,10868,0
152,52743,72,2684,0
153,65635,79,12701,0
154,34559,57,3317,0
155,60218,60,3157,0
156,51689,74,9881,0
157,47541,83,1611,0
158,62905,55,11423,1
159,65632,75,12498,0
160,31847,69,2913,0
161,27947,86,5514,0
162,62246,59,406,0
163,40154,88,6013,0
164,58627,61,1215,0
165,33441,55,5282,1
166,55603,71,1411,0
167,31046,57,4907,1
168,44708,49,2390,0
169,23340,70,2707,0
170,24830,56,2046,0
171,31422,81,1686,0
172,60477,88,10711,0
173,26039,77,2056,0
174,36186,78,1130,0
175,39772,71,5492,0
176,34730,91,818,0
177,23118,85,1746,0
178,50072,61,8088,1
179,67465,51,1802,0
180,38625,47,5836,1
181,45227,54,5521,1
182,64901,72,9589,0
183,40543,79,6507,0
184,27793,88,382,0
185,61167,48,10396,1
186,64619,54,9704,1
187,37593,82,7274,0
188,35032,84,135,0
189,58364,83,5809,0
190,56945,73,6388,0
191,27204,57,3827,1
192,21648,80,3558,0
193,31077,72,4452,0
194,42522,81,6790,0
195,31769,72,1148,0
196,35556,51,6361,1
197,52908,81,9841,0
198,35045,56,2382,0
199,44488,61,2751,0
200,41679,81,395,0
201,54619,80,10780,0
202,38053,54,6110,1
203,64718,65,1485,0
204,43159,90,4350,0
205,29445,56,1758,0
206,25817,65,4115,0
207,66356,89,10725,0
208,56676,74,2278,0
209,61000,76,2160,0
210,58906,70,9290,0
211,49589,70,2627,0
212,40141,84,845,0
213,31659,59,858,0
214,62658,53,3343,0
215,39264,65,5255,0
216,46643,81,6440,0
217,30515,48,415,0
218,65077,78,11061,0
219,60871,89,4844,0
220,25011,64,3834,0
221,68407,88,597,0
222,43727,83,1170,0
223,45788,69,5894,0
224,65705,78,1969,0
225,32434,69,2738,0
226,58121,55,7531,1
227,62498,59,3312,0
228,26090,76,4255,0
229,64780,48,8402,1
230,65588,50,7879,1
231,65743,80,7724,0
232,37164,75,1445,0
233,65176,76,2365,0
234,34615,53,6476,1
235,59079,86,10326,0
236,56267,50,7329,1
237,34862,82,6040,0
238,60521,73,8035,0
239,42276,85,8055,0
240,38451,91,3441,0
241,45985,81,7382,0
242,51000,55,778,0
243,31523,68,5174,0
244,28648,46,1870,0
245,27514,49,3400,1
246,27441,65,1455,0
247,67709,78,5136,0
248,38600,72,2749,0
249,30950,54,5043,1
250,27083,88,3286,0
251,21512,52,2453,0
252,34796,86,443,0
253,27089,79,1851,0
254,25259,67,4341,0
255,47007,73,4069,0
256,20358,81,1064,0
257,67900,71,7902,0
258,54418,83,5630,0
259,51288,57,6536,1
260,28199,64,3871,0
261,22199,88,1498,0
262,50514,85,2003,0
263,34414,82,617,0
264,37633,57,868,0
265,55235,75,4910,0
266,45587,90,8366,0
267,52757,81,2321,0
268,41174,80,2888,0
269,25685,67,490,0
270,28145,83,4805,0
271,52094,68,495,0
272,33552,53,6054,1
273,37400,78,1693,0
274,21605,51,2828,1
275,57562,84,8508,0
276,62288,53,10657,1
277,22767,73,1205,0
278,20943,47,4098,1
279,20622,58,3518,1
280,48436,77,5851,0
281,27574,85,1017,0
282,62889,61,6525,0
283,37683,83,7414,0
284,54974,89,8922,0
285,56326,68,4816,0
286,65670,78,3950,0
287,50730,69,1879,0
288,64184,74,1854,0
289,66179,76,3646,0
290,24969,73,3595,0
291,54925,68,554,0
292,67879,71,10433,0
293,67787,81,9607,0
294,31657,65,1448,0
295,36559,47,3030,0
296,57787,50,6339,0
297,42521,75,2661,0
298,51935,49,5649,0
299,45677,79,2966,0
300,51363,49,761,0
301,27218,83,4145,0
302,43677,60,6739,1
303,21533,85,1971,0
304,28010,83,3971,0
305,51589,78,56,0
306,50480,55,8831,1
307,43957,49,5416,1
308,61878,61,567,0
309,60153,48,6472,0
310,33388,90,4551,0
311,41310,81,4481,0
312,25576,79,1922,0
313,51455,65,9447,0
314,48134,75,2075,0
315,51348,80,1507,0
316,20532,82,1897,0
317,33297,74,3674,0
318,55858,53,5630,0
319,43777,48,3601,0
320,27789,86,186,0
321,36132,62,99,0
322,20145,49,839,0
323,63108,71,5757,0
324,26581,89,5090,0
325,62040,90,7643,0
326,69958,58,8755,1
327,38082,73,4213,0
328,45183,61,5953,1
329,36242,67,5688,0
330,44527,70,4588,0
331,40496,48,4834,0
332,24698,76,2427,0
333,60560,77,1994,0
334,48018,78,6120,0
335,30216,54,2116,0
336,61742,72,8068,0
337,47288,90,4004,0
338,24658,87,590,0
339,64644,86,9848,0
340,57517,80,4536,0
341,52945,82,6262,0
342,36366,75,371,0
343,62113,55,11928,1
344,62279,54,6801,0
345,61799,84,5619,0
346,50139,58,7758,1
347,69566,80,9875,0
348,44897,79,5732,0
349,22572,79,724,0
350,37123,47,5659,1
351,68744,88,5207,0
352,21081,80,2395,0
353,58828,60,5947,0
354,46706,46,7084,1
355,32312,56,228,0
356,60778,71,10021,0
357,30948,70,3995,0
358,60122,90,7189,0
359,43321,60,743,0
360,47904,68,6183,0
361,58597,81,2588,0
362,66091,52,8743,1
363,47316,55,1940,0
364,40872,82,5312,0
365,35154,80,4037,0
366,32222,89,934,0
367,40447,50,1072,0
368,48463,78,8120,0
369,42843,56,839,0
370,50310,81,8361,0
371,57565,65,5353,0
372,55066,83,9332,0
373,46065,80,4947,0
374,38309,83,3545,0
375,54472,87,10836,0
376,58695,57,1826,0
377,54748,59,5438,0
378,46328,84,7879,0
379,49633,66,7915,0
380,66339,63,2350,0
381,62650,61,6425,0
382,27646,84,3132,0
383,21437,73,2563,0
384,50648,84,7110,0
385,29670,81,2928,0
386,20258,57,2767,1
387,34475,70,3162,0
388,28926,90,750,0
389,20660,77,1756,0
390,24987,77,3946,0
391,29672,79,607,0
392,23241,68,457,0
393,24217,51,2104,0
394,65574,51,3031,0
395,55994,59,680,0
396,67369,85,2299,0
397,23305,56,4521,1
398,35195,77,2836,0
399,27135,82,1387,0
400,24037,51,2469,0
401,51625,72,4592,0
402,50705,81,1096,0
403,58079,46,11540,1
404,62192,74,1863,0
405,62553,91,4641,0
406,68147,50,12307,1
407,27619,75,2774,0
408,65330,56,4030,0
409,26680,75,1671,0
410,46104,79,2342,0
411,44904,72,4953,0
412,52934,78,3248,0
413,43509,46,7363,1
414,22118,91,3928,0
415,56275,58,2224,0
416,48630,55,5862,1
417,64272,65,4929,0
418,24349,81,3890,0
419,34332,64,1225,0
420,64940,71,8196,0
421,30595,68,3495,0
422,53422,56,7441,1
423,69995,80,2084,0
424,48270,73,6232,0
425,27028,76,331,0
426,23519,62,2368,0
427,37302,63,2366,0
428,55601,46,10533,1
429,62678,53,333,0
430,41602,53,7005,1
431,27533,74,1551,0
432,30594,78,118,0
433,47846,52,3713,0
434,55273,53,10282,1
435,23086,52,1256,0
436,29621,60,5575,1
437,47533,67,6637,0
438,62519,72,2324,0
439,50878,72,3257,0
440,58580,84,4317,0
441,69445,56,10643,1
442,60929,88,11146,0
443,35496,75,168,0
444,33572,85,3369,0
445,55306,48,5272,0
446,34141,75,3371,0
447,40453,48,890,0
448,69088,81,11246,0
449,30885,83,5216,0
450,58683,52,271,0
451,60675,67,11617,0
452,68460,63,949,0
453,63653,55,8866,1
454,42522,46,5036,0
455,54140,58,7896,1
456,47548,75,6153,0
457,24114,80,3900,0
458,20686,61,3052,1
459,21412,54,2639,1
460,69391,91,2550,0
461,32319,70,2733,0
462,52862,75,9754,0
463,48383,67,2763,0
464,36430,66,5855,0
465,44268,55,6043,1
466,63806,84,114,0
467,46195,60,927,0
468,23743,70,3254,0
469,22089,49,2584,0
470,54707,72,10255,0
471,23203,86,749,0
472,25342,68,871,0
473,31645,60,5193,1
474,32306,49,3603,0
475,61262,77,5564,0
476,26388,47,1191,0
477,53009,64,3589,0
478,58163,86,2237,0
479,38665,83,6152,0
480,25289,81,3701,0
481,66049,57,13172,1
482,56282,90,8215,0
483,35778,58,5544,1
484,29174,46,665,0
485,55934,88,5643,0
486,32256,48,2809,0
487,68052,56,1415,0
488,26957,83,4172,0
489,48685,60,9698,1
490,38288,56,1723,0
491,42468,56,1902,0
492,55377,74,6882,0
493,54231,49,10156,1
494,53283,77,4065,0
495,52534,75,3810,0
496,47847,54,8494,1
497,59998,82,4659,0
498,58684,59,5415,0
499,49114,89,6388,0
500,57179,49,2991,0
501,69395,51,11047,1
502,43963,69,4481,0
503,66326,68,5602,0
504,35886,62,843,0
505,35578,70,3640,0
506,48689,64,3859,0
507,56510,75,9255,0
508,50275,69,5541,0
509,56665,89,11159,0
510,42912,88,4550,0
511,22169,64,947,0
512,35919,55,1227,0
513,61987,55,2618,0
514,30044,77,1428,0
515,61528,83,10897,0
516,31196,75,987,0
517,66003,61,11207,1
518,56960,53,4856,0
519,41315,85,1378,0
520,64913,54,9781,1
521,32804,90,4961,0
522,25789,54,2410,0
523,31908,66,1857,0
524,56050,51,6870,1
525,66505,53,6571,0
526,57504,83,8107,0
527,44619,87,2474,0
528,21158,82,3562,0
529,22765,48,540,0
530,25052,73,3367,0
531,61006,82,5850,0
532,62321,73,10649,0
533,49604,79,7045,0
534,48433,56,789,0
535,57590,47,7676,1
536,62691,53,8244,1
537,51121,86,6471,0
538,22516,83,4267,0
539,60857,65,10486,0
540,62908,79,3213,0
541,49665,78,2713,0
542,65322,69,2739,0
543,20598,63,3872,0
544,55476,80,4733,0
545,26218,46,3343,1
546,40794,66,6519,0
547,53719,70,1670,0
548,20715,55,369,0
549,57163,81,577,0
550,33751,53,6494,1
551,44832,60,1256,0
552,51035,86,2889,0
553,53493,49,5030,0
554,58205,84,10035,0
555,47439,50,7896,1
556,47586,70,3343,0
557,26100,90,960,0
558,45326,87,5142,0
559,24391,75,2198,0
560,53741,77,6513,0
561,40053,55,44,0
562,53033,66,10427,0
563,25176,81,3064,0
564,31210,82,3853,0
565,23532,87,1077,0
566,63776,71,6697,0
567,52278,73,4269,0
568,56015,60,2275,0
569,56110,90,9351,0
570,57856,61,8824,1
571,30187,56,4462,1
572,30786,75,3563,0
573,22279,86,3141,0
574,42476,74,8334,0
575,58147,62,3951,0
576,36266,83,3206,0
577,39045,55,1165,0
578,64467,91,521,0
579,36594,88,3492,0
580,58797,81,8892,0
581,66653,47,5180,0
582,48271,49,6077,1
583,30991,62,4589,1
584,45446,47,8474,1
585,37142,78,161,0
586,58320,48,10033,1
587,24825,82,3650,0
588,20511,55,931,0
589,48326,63,7168,0
590,55441,76,10768,0
591,60496,61,1115,0
592,25296,72,1320,0
593,50414,84,2468,0
594,67984,55,1642,0
595,50382,85,9183,0
596,49413,46,2554,0
597,61464,64,5099,0
598,53784,52,2761,0
599,35993,69,901,0
600,63402,75,7530,0
601,40484,67,1093,0
602,26168,69,3040,0
603,60044,89,6823,0
604,23984,79,4622,0
605,40359,60,1783,0
606,33583,90,1251,0
607,68038,90,10108,0
608,45652,81,5408,0
609,34399,59,6019,1
610,57628,51,5021,0
611,24294,50,4360,1
612,52218,65,9792,0
613,50061,83,6145,0
614,49352,85,3362,0
615,21087,77,3353,0
616,23812,70,2716,0
617,49395,69,5927,0
618,33338,74,2929,0
619,29668,66,2042,0
620,45936,69,8525,0
621,55948,68,8569,0
622,53239,91,4606,0
623,43694,77,5049,0
624,24078,66,3276,0
625,50258,50,1086,0
626,41816,76,4534,0
627,36892,82,6463,0
628,23886,62,4440,1
629,48757,51,1833,0
630,34601,61,2430,0
631,52986,78,4928,0
632,50740,49,784,0
633,53096,64,2663,0
634,38500,81,7571,0
635,41004,83,1016,0
636,63585,77,1594,0
637,31823,58,2290,0
638,26242,60,1801,0
639,63531,47,6917,0
640,64751,81,2289,0
641,31091,78,4071,0
642,66871,90,3614,0
643,25098,79,2611,0
644,33720,75,1365,0
645,28182,53,2285,0
646,27334,70,2963,0
647,68694,51,12731,1
648,46195,54,2888,0
649,34488,55,2156,0
650,57827,51,10816,1
651,20346,63,656,0
652,60480,81,3216,0
653,51915,72,2282,0
654,54625,59,8619,1
655,48305,83,4833,0
656,28577,49,1639,0
657,53400,86,10418,0
658,43414,72,7170,0
659,47526,85,8957,0
660,46082,83,2921,0
661,32195,90,4980,0
662,49067,88,7258,0
663,21293,70,1368,0
664,52100,51,4767,0
665,48334,81,2234,0
666,58507,76,694,0
667,27521,63,2699,0
668,63914,54,139,0
669,28598,80,524,0
670,23298,76,1741,0
671,35697,79,2907,0
672,40376,66,3901,0
673,56534,55,2161,0
674,36088,69,6222,0
675,34158,57,2911,0
676,29732,66,3485,0
677,41736,62,7602,1
678,42236,52,4749,0
679,28796,72,706,0
680,55097,61,9342,1
681,40916,76,5219,0
682,20908,56,3133,1
683,57999,90,859,0
684,57746,91,727,0
685,55116,69,10284,0
686,57765,71,5445,0
687,45200,71,7335,0
688,42435,79,2766,0
689,46365,69,5443,0
690,57187,87,9390,0
691,66539,85,12129,0
692,25244,81,1278,0
693,54780,89,8134,0
694,59253,64,7327,0
695,48540,49,1012,0
696,30415,50,4362,1
697,48768,53,500,0
698,52299,46,7880,1
699,42242,62,2070,0
700,28218,70,1305,0
701,40208,89,459,0
702,61419,58,9921,1
703,51282,54,8445,1
704,36017,71,1526,0
705,57575,61,9857,1
706,53330,70,2343,0
707,39834,91,699,0
708,62469,52,7286,0
709,40334,73,6808,0
710,47542,68,9448,0
711,55883,55,974,0
712,29163,71,1469,0
713,47786,57,7181,1
714,29736,63,657,0
715,50831,52,9572,1
716,62030,74,7572,0
717,54049,82,4569,0
718,34336,63,3441,0
719,31895,76,3423,0
720,51894,87,6579,0
721,37616,81,5732,0
722,22076,84,3948,0
723,56252,85,7327,0
724,26316,65,923,0
725,23120,68,1417,0
726,39033,87,5757,0
727,32420,60,1494,0
728,68827,53,1049,0
729,58092,69,5277,0
730,43538,74,8523,0
731,64040,87,5408,0
732,34395,53,2089,0
733,57405,73,6914,0
734,22581,68,34,0
735,27952,70,3965,0
736,54022,54,10641,1
737,63546,72,6170,0
738,60713,84,396,0
739,44519,60,1446,0
740,40997,83,7908,0
741,63661,53,6095,0
742,34429,67,2240,0
743,29181,76,2529,0
744,52510,68,1858,0
745,37536,53,2634,0
746,35683,72,4337,0
747,45622,69,528,0
748,67385,57,6747,0
749,69411,75,12176,0
750,48322,57,7732,1
751,40836,50,6994,1
752,38035,88,4298,0
753,42696,72,222,0
754,24181,50,1529,0
755,33194,79,6615,0
756,32541,62,780,0
757,38381,82,322,0
758,25921,86,5104,0
759,58810,50,9099,1
760,63025,84,2956,0
761,29954,89,5774,0
762,40641,65,5042,0
763,43940,66,2855,0
764,65166,53,8859,1
765,58820,58,530,0
766,50719,71,4770,0
767,46766,75,2383,0
768,67520,73,13041,0
769,28386,59,1718,0
770,68276,62,4842,0
771,30731,68,1129,0
772,30012,82,3972,0
773,38075,81,6928,0
774,55932,72,4876,0
775,27966,81,4445,0
776,53825,77,5272,0
777,65451,88,8129,0
778,39473,70,6034,0
779,42344,75,6800,0
780,36112,88,3737,0
781,32720,61,4367,1
782,27973,77,403,0
783,21306,63,3791,0
784,36029,80,2928,0
785,48457,50,8108,1
786,46038,67,6868,0
787,34247,62,6458,1
788,64247,59,4513,0
789,62109,69,2816,0
790,21481,47,1137,0
791,20762,53,2385,0
792,33756,68,1169,0
793,54325,57,6978,1
794,33197,87,3993,0
795,56846,58,5268,0
796,26542,73,4233,0
797,53200,87,3090,0
798,38073,60,2284,0
799,43937,84,3213,0
800,49284,79,493,0
801,22869,53,527,0
802,60113,68,8253,0
803,23613,60,2469,0
804,68755,81,10990,0
805,26449,74,2952,0
806,42855,75,4923,0
807,25686,63,3728,0
808,67125,64,7482,0
809,27427,87,719,0
810,37145,81,1510,0
811,41702,69,6105,0
812,20710,77,3960,0
813,39124,72,401,0
814,32834,88,4184,0
815,26267,86,1136,0
816,41254,56,6993,1
817,38268,58,2522,0
818,37087,85,6391,0
819,38458,83,3644,0
820,40185,59,1002,0
821,65481,73,10614,0
822,57426,48,2461,0
823,47903,74,4283,0
824,34222,80,3582,0
825,28481,75,5302,0
826,43069,69,4091,0
827,33093,61,3852,0
828,61363,90,9636,0
829,68100,75,8124,0
830,50551,84,5262,0
831,54421,50,6229,0
832,32152,85,3550,0
833,40230,86,745,0
834,53483,57,1459,0
835,65137,70,10352,0
836,29496,82,2216,0
837,45181,76,2243,0
838,24994,62,51,0
839,54820,48,10070,1
840,62955,57,207,0
841,52956,53,959,0
842,40366,60,7410,1
843,60005,68,10677,0
844,37598,82,3641,0
845,61323,88,8699,0
846,21243,85,3438,0
847,62111,53,499,0
848,56524,82,5296,0
849,51718,62,1036,0
850,43205,51,4835,0
851,26934,63,4113,0
852,68966,82,6690,0
853,31527,87,2062,0
854,46839,56,1498,0
855,32151,70,4601,0
856,40831,75,6429,0
857,30868,86,4618,0
858,62988,60,6924,0
859,65496,89,11805,0
860,63032,52,390,0
861,27287,46,4509,1
862,44299,52,5154,0
863,44091,58,1664,0
864,26617,56,2727,0
865,21856,75,1500,0
866,28072,82,1,0
867,35950,63,2664,0
868,28982,63,1440,0
869,51790,69,1281,0
870,65000,49,1114,0
871,29761,49,3748,1
872,23081,81,257,0
873,60016,50,1522,0
874,54619,81,901,0
875,66274,64,10257,0
876,49380,73,5425,0
877,46283,76,2166,0
878,25554,70,4229,0
879,36680,50,4849,1
880,30383,74,2153,0
881,67730,54,8881,1
882,36446,68,2927,0
883,33648,88,1498,0
884,53852,70,2089,0
885,61298,76,9399,0
886,69465,48,7983,0
887,39102,57,4200,0
888,29366,50,4049,1
889,67949,62,1790,0
890,29468,50,3703,1
891,56839,64,9004,0
892,38277,72,7405,0
893,49664,67,5571,0
894,49972,60,763,0
895,27356,91,2983,0
896,36840,64,6557,0
897,51438,74,6898,0
898,40614,48,2649,0
899,56738,91,3210,0
900,68004,69,2698,0
901,44458,80,1456,0
902,66801,47,288,0
903,48991,46,7453,1
904,69430,86,2648,0
905,27989,55,1770,0
906,67675,65,4396,0
907,47985,61,8801,1
908,43388,63,7007,0
909,63182,53,3493,0
910,20568,53,2257,0
911,25833,47,3716,1
912,23087,65,423,0
913,36124,53,6485,1
914,57330,72,1058,0
915,47240,83,4286,0
916,55730,83,9286,0
917,61660,76,1684,0
918,49746,57,7354,1
919,23973,83,95,0
920,28085,73,4431,0
921,33585,88,3933,0
922,44179,79,5888,0
923,56025,57,4341,0
924,49369,79,109,0
925,26889,90,675,0
926,30873,66,4076,0
927,30608,74,2632,0
928,54878,70,1504,0
929,32423,91,2961,0
930,46608,48,1521,0
931,65689,56,255,0
932,49054,82,1102,0
933,20310,82,1279,0
934,66423,46,1066,0
935,45783,91,7492,0
936,62887,70,6849,0
937,51088,80,9097,0
938,66217,47,745,0
939,62799,63,6752,0
940,45789,64,4545,0
941,59727,78,5203,0
942,35513,88,6983,0
943,29178,91,1664,0
944,67501,77,7589,0
945,66255,56,7475,0
946,63558,64,9282,0
947,63441,46,3119,0
948,64983,55,9109,1
949,56946,83,11175,0
950,52349,63,5181,0
951,31473,55,797,0
952,59267,62,5085,0
953,66809,59,1316,0
954,48083,67,9193,0
955,20629,56,3310,1
956,25363,59,3946,1
957,28873,90,2224,0
958,41430,61,5719,1
959,53612,51,5976,0
960,51555,85,9217,0
961,46564,78,599,0
962,61200,47,406,0
963,29307,89,481,0
964,67687,48,10506,1
965,52565,83,372,0
966,52920,48,9521,1
967,34981,51,5502,1
968,65210,55,12607,1
969,60016,82,2857,0
970,23066,61,1933,0
971,52603,71,2043,0
972,20111,81,1745,0
973,32759,71,5211,0
974,30578,83,3010,0
975,21211,60,931,0
976,53746,57,9534,1
977,45214,46,1779,0
978,58465,48,11417,1
979,54422,86,444,0
980,62842,90,107,0
981,53005,73,2539,0
982,40749,54,6207,1
983,49804,48,7235,1
984,37277,54,6289,1
985,46883,58,6342,1
986,31763,63,3489,0
987,61013,52,1791,0
988,41285,50,532,0
989,39133,49,433,0
990,62171,52,1035,0
991,53638,72,109,0
992,49264,86,3051,0
993,63114,76,11890,0
994,58165,73,4155,0
995,43029,55,6894,1
996,21593,79,458,0
997,49104,63,9452,0
998,65776,67,2805,0
999,36192,49,7236,1
1000,62165,47,4739,0
1001,50793,69,421,0
1002,62422,60,2841,0
1003,63166,84,4058,0
1004,23717,77,1530,0
1005,66797,49,11921,1
1006,30272,47,1440,0
1007,55741,80,3181,0
1008,30742,54,5685,1
1009,20491,63,1579,0
1010,35620,68,3611,0
1011,50206,61,5826,0
1012,67935,88,8267,0
1013,59223,50,3901,0
1014,32657,60,1796,0
1015,55931,51,4053,0
1016,23694,50,764,0
1017,44324,51,2672,0
1018,34735,90,1402,0
1019,67064,50,1091,0
1020,42761,73,610,0
1021,49517,59,7337,1
1022,54372,57,839,0
1023,29941,76,3170,0
1024,68414,79,6154,0
1025,23891,79,3475,0
1026,47187,52,7933,1
1027,39819,91,3577,0
1028,50632,81,1262,0
1029,39970,68,7867,0
1030,55176,77,7822,0
1031,50533,84,117,0
1032,52983,70,5567,0
1033,31187,58,593,0
1034,34909,53,2852,0
1035,53810,79,9154,0
1036,55478,81,6227,0
1037,60394,85,8293,0
1038,36845,79,1790,0
1039,60264,82,2241,0
1040,52981,46,3759,0
1041,50222,49,8734,1
1042,59256,66,9812,0
1043,43203,68,7730,0
1044,46288,51,6053,1
1045,58176,80,9852,0
1046,25631,75,4778,0
1047,58977,58,9442,1
1048,25048,82,2341,0
1049,33436,62,5473,1
1050,23787,64,3041,0
1051,69456,76,13190,0
1052,65447,67,3269,0
1053,68743,84,2290,0
1054,36052,77,2830,0
1055,24820,66,51,0
1056,26046,82,4669,0
1057,60850,87,7206,0
1058,69929,79,12427,0
1059,53298,84,2106,0
1060,48818,77,2312,0
1061,38042,60,3495,0
1062,42119,88,1930,0
1063,62247,67,1870,0
1064,62252,56,1699,0
1065,36973,66,4144,0
1066,54217,54,8836,1
1067,44218,86,1693,0
1068,33274,51,2244,0
1069,54656,46,9911,1
1070,67593,53,9864,1
1071,39472,70,596,0
1072,30572,76,1847,0
1073,50447,86,2443,0
1074,49198,77,483,0
1075,53768,53,3696,0
1076,52809,89,6276,0
1077,38011,47,4625,1
1078,58910,59,3671,0
1079,57914,78,6715,0
1080,39494,56,3544,0
1081,45918,66,1910,0
1082,55649,47,7660,1
1083,27136,46,2253,0
1084,62724,67,9255,0
1085,32921,71,2553,0
1086,28482,47,329,0
1087,44170,52,2168,0
1088,60664,50,5873,0
1089,64501,61,12147,1
1090,28237,78,2728,0
1091,67420,49,3668,0
1092,55642,66,2841,0
1093,56086,62,3990,0
1094,57676,48,10504,1
1095,62535,67,9490,0
1096,60686,76,10614,0
1097,25032,74,680,0
1098,22228,61,2187,0
1099,41435,62,3702,0
1100,43955,79,7833,0
1101,60063,87,6766,0
1102,34635,46,4859,1
1103,63944,60,12213,1
1104,35403,62,2929,0
1105,53654,72,6587,0
1106,23508,80,4622,0
1107,61869,64,1040,0
1108,20674,51,299,0
1109,22127,89,1777,0
1110,27408,65,2591,0
1111,60720,66,3278,0
1112,34760,62,28,0
1113,23057,74,2487,0
1114,42380,63,6832,0
1115,37887,52,5061,1
1116,39988,82,357,0
1117,25026,90,3845,0
1118,43588,68,6453,0
1119,20897,56,2940,1
1120,24904,81,3376,0
1121,66068,63,5626,0
1122,36126,68,3805,0
1123,23626,62,2173,0
1124,30200,90,4871,0
1125,65569,90,12494,0
1126,20617,74,2224,0
1127,25817,49,3682,1
1128,21448,59,1989,0
1129,69370,80,4605,0
1130,34145,59,4074,0
1131,52651,85,6529,0
1132,40069,71,3646,0
1133,39246,76,919,0
1134,56233,85,9642,0
1135,49264,47,801,0
1136,30451,70,475,0
1137,28726,62,3675,1
1138,20113,58,2507,1
1139,43434,80,3672,0
1140,59208,58,11479,1
1141,69310,70,1590,0
1142,60567,68,571,0
1143,22048,81,4199,0
1144,66733,80,5366,0
1145,22209,50,4096,1
1146,49032,82,1777,0
1147,26558,85,22,0
1148,49255,64,4951,0
1149,30218,76,5914,0
1150,56317,52,8045,1
1151,53825,73,431,0
1152,34927,82,1957,0
1153,53287,87,4432,0
1154,32032,78,4582,0
1155,48405,75,3766,0
1156,46132,54,3216,0
1157,29049,85,2562,0
1158,68550,47,3879,0
1159,47474,65,5083,0
1160,50021,51,1054,0
1161,64089,65,6272,0
1162,28451,69,1042,0
1163,58132,57,5491,0
1164,30961,60,162,0
1165,64162,81,6938,0
1166,67470,80,12715,0
1167,68263,70,4124,0
1168,42889,85,6340,0
1169,20155,69,3489,0
1170,58178,77,10948,0
1171,45735,80,2944,0
1172,30037,66,1247,0
1173,64392,65,4513,0
1174,26291,80,1094,0
1175,36008,48,3709,0
1176,54953,72,365,0
1177,28753,77,4990,0
1178,41993,64,6644,0
1179,56696,85,9686,0
1180,51906,64,10235,0
1181,30939,75,6115,0
1182,38520,84,4176,0
1183,33489,53,3581,0
1184,52836,66,5671,0
1185,51733,52,7906,1
1186,41273,60,3299,0
1187,68223,56,7364,0
1188,28222,68,613,0
1189,21921,90,1901,0
1190,38852,55,7513,1
1191,59621,82,7014,0
1192,41377,73,5324,0
1193,54405,85,6253,0
1194,60103,84,2632,0
1195,67528,80,7877,0
1196,61156,59,3250,0
1197,42955,73,2962,0
1198,46923,64,3107,0
1199,24951,90,2544,0
1200,26267,62,59,0
1201,64603,61,11264,1
1202,34667,46,2827,0
1203,66008,47,9189,1
1204,45840,60,5299,0
1205,32188,77,4659,0
1206,50289,52,6127,1
1207,36837,82,1598,0
1208,28852,72,5705,0
1209,68127,75,12099,0
1210,41349,81,8083,0
1211,69132,61,7621,0
1212,38477,55,289,0
1213,68291,74,9577,0
1214,58074,87,8551,0
1215,26867,60,1730,0
1216,32348,87,3229,0
1217,31044,77,4465,0
1218,29279,46,2291,0
1219,35145,75,510,0
1220,44405,62,3917,0
1221,42059,83,5310,0
1222,28612,86,4948,0
1223,46546,88,254,0
1224,22832,60,3318,1
1225,21565,72,4136,0
1226,26078,59,3665,1
1227,60503,48,6766,0
1228,31233,69,1662,0
1229,34505,77,2151,0
1230,35485,75,2482,0
1231,45986,48,7112,1
1232,43308,62,6777,1
1233,53284,60,849,0
1234,68398,64,8106,0
1235,64743,84,4304,0
1236,68412,56,551,0
1237,59695,55,8889,1
1238,32406,48,3394,0
1239,33184,88,4580,0
1240,47688,62,1377,0
1241,42591,73,4602,0
1242,34051,63,6224,0
1243,61800,57,9143,1
1244,45360,55,4569,0
1245,20252,55,3360,1
1246,30134,71,958,0
1247,56217,79,2866,0
1248,31722,62,2877,0
1249,60178,61,3203,0
1250,51144,65,3411,0
1251,22449,63,1187,0
1252,44932,55,622,0
1253,40929,48,2352,0
1254,31092,71,5617,0
1255,44743,81,2574,0
1256,60770,61,2242,0
1257,43528,87,2264,0
1258,25008,91,2941,0
1259,47433,88,9139,0
1260,50064,57,417,0
1261,60348,88,3037,0
1262,67471,54,4448,0
1263,30492,89,4834,0
1264,25640,50,3105,1
1265,55040,80,8352,0
1266,34476,51,898,0
1267,23345,66,4548,0
1268,24426,62,823,0
1269,65849,58,5051,0
1270,60454,69,7875,0
1271,22680,83,1743,0
1272,44471,47,5883,1
1273,46572,87,721,0
1274,24369,89,1366,0
1275,56830,65,10462,0
1276,46942,83,2187,0
1277,42521,82,6745,0
1278,63188,79,3960,0
1279,29410,51,812,0
1280,46668,85,1833,0
1281,62693,50,5321,0
1282,65307,51,1906,0
1283,59589,48,4191,0
1284,41019,51,3005,0
1285,48058,75,6527,0
1286,50208,63,729,0
1287,62526,89,5835,0
1288,48192,57,5026,0
1289,30884,59,4099,1
1290,36965,81,6333,0
1291,43536,55,6427,1
1292,69181,67,1173,0
1293,64233,54,12104,1
1294,52593,47,811,0
1295,32282,70,3345,0
1296,54077,85,7149,0
1297,51595,56,385,0
1298,23097,81,4517,0
1299,27407,54,2949,0
1300,64395,91,10054,0
1301,60432,69,6300,0
1302,42990,57,4665,0
1303,41581,50,7895,1
1304,53289,75,8047,0
1305,22372,59,1118,0
1306,57119,50,10211,1
1307,31112,77,424,0
1308,68936,71,11073,0
1309,20436,84,2356,0
1310,20583,49,53,0
1311,58988,47,4728,0
1312,45311,54,3103,0
1313,60856,65,10238,0
1314,45818,76,8137,0
1315,20904,69,2606,0
1316,49908,57,2903,0
1317,55988,59,7745,1
1318,62125,49,5700,0
1319,48822,88,599,0
1320,29976,85,3796,0
1321,41944,89,1203,0
1322,36970,61,1268,0
1323,39992,48,4999,1
1324,42450,89,6210,0
1325,42146,51,7367,1
1326,52841,46,5957,0
1327,66418,90,9340,0
1328,44047,55,2096,0
1329,24821,47,874,0
1330,35583,91,27,0
1331,25289,49,2130,0
1332,39770,73,280,0
1333,59511,57,2520,0
1334,51211,73,4093,0
1335,56530,73,5957,0
1336,42604,69,7942,0
1337,66642,84,4958,0
1338,35527,75,325,0
1339,66896,59,387,0
1340,51980,63,6243,0
1341,40081,71,770,0
1342,50167,70,5592,0
1343,39545,71,5787,0
1344,43372,83,474,0
1345,33084,87,5762,0
1346,53187,91,4879,0
1347,48290,58,4902,0
1348,66078,73,3664,0
1349,51547,81,6563,0
1350,39393,80,5415,0
1351,69592,91,13025,0
1352,54588,59,2847,0
1353,44964,76,693,0
1354,46081,78,1487,0
1355,45564,50,715,0
1356,62657,56,5771,0
1357,67921,63,1399,0
1358,59514,85,2504,0
1359,48422,69,3520,0
1360,22001,59,2155,0
1361,52529,46,9808,1
1362,24061,62,3980,1
1363,23450,62,1419,0
1364,32866,72,6037,0
1365,30958,71,1558,0
1366,27550,57,3944,1
1367,36024,79,4155,0
1368,46801,62,5315,0
1369,27082,88,4990,0
1370,65435,47,12727,1
1371,59295,79,493,0
1372,45435,49,2143,0
1373,61742,62,326,0
1374,31396,62,3719,0
1375,35916,81,6401,0
1376,43969,53,7455,1
1377,60624,67,6740,0
1378,69939,83,2225,0
1379,69755,72,13766,0
1380,69478,50,10229,1
1381,34192,55,5233,1
1382,57457,78,3608,0
1383,63910,84,8986,0
1384,26643,47,1413,0
1385,23985,52,2284,0
1386,63660,78,7832,0
1387,44102,49,842,0
1388,29409,69,3388,0
1389,49294,65,4574,0
1390,39553,81,7063,0
1391,68583,85,2922,0
1392,31060,81,3729,0
1393,29190,88,5239,0
1394,63437,82,11963,0
1395,35243,63,748,0
1396,36475,91,413,0
1397,63271,51,11298,1
1398,45540,87,1490,0
1399,68565,49,1231,0
1400,20063,52,2495,1
1401,44222,83,7443,0
1402,67839,75,5609,0
1403,54009,77,884,0
1404,52234,75,9255,0
1405,28423,89,5282,0
1406,52623,78,1156,0
1407,25636,83,1239,0
1408,60842,88,6608,0
1409,36727,86,7287,0
1410,63830,63,5271,0
1411,43108,50,647,0
1412,25285,47,1027,0
1413,57646,90,1452,0
1414,51027,89,3313,0
1415,37389,62,7365,1
1416,65017,54,1017,0
1417,20595,73,1330,0
1418,56445,83,6875,0
1419,60864,72,3704,0
1420,51231,90,813,0
1421,41103,91,3644,0
1422,56267,71,8238,0
1423,20774,63,1347,0
1424,46424,87,4087,0
1425,29909,90,4495,0
1426,62808,84,6465,0
1427,41243,80,4161,0
1428,46089,91,1618,0
1429,69191,85,6270,0
1430,60846,60,8974,1
1431,66558,76,3090,0
1432,27428,82,1287,0
1433,60912,88,3870,0
1434,28127,69,3279,0
1435,64029,64,1644,0
1436,61836,57,10971,1
1437,37005,86,1068,0
1438,56003,46,3639,0
1439,58038,82,538,0
1440,29237,52,23,0
1441,33265,49,5968,1
1442,66236,63,2756,0
1443,41978,80,1603,0
1444,63453,51,10668,1
1445,24985,78,2017,0
1446,53593,90,1428,0
1447,54179,80,10028,0
1448,20126,64,1432,0
1449,51180,84,2875,0
1450,36455,66,3437,0
1451,39188,50,3545,0
1452,47852,66,3295,0
1453,20014,71,2426,0
1454,28630,55,4406,1
1455,66688,76,9690,0
1456,53226,71,5686,0
1457,35609,75,2574,0
1458,64065,71,771,0
1459,54935,70,7921,0
1460,67800,56,5035,0
1461,46893,71,9131,0
1462,54648,84,10674,0
1463,31410,64,5797,0
1464,36989,61,556,0
1465,33198,58,4285,1
1466,47704,49,2717,0
1467,30569,65,4752,0
1468,61398,91,9008,0
1469,67750,61,6855,0
1470,47637,79,6708,0
1471,38357,53,2548,0
1472,43156,55,2413,0
1473,41101,63,5240,0
1474,59475,64,2628,0
1475,40708,60,5532,1
1476,30391,87,2072,0
1477,46024,52,4318,0
1478,66529,87,6337,0
1479,68115,65,7458,0
1480,38423,57,3676,0
1481,33227,51,6470,1
1482,61674,82,4054,0
1483,26931,69,3668,0
1484,60040,72,2659,0
1485,26181,70,2618,0
1486,61552,89,4042,0
1487,29705,69,1912,0
1488,53934,49,2085,0
1489,23007,76,2296,0
1490,48552,57,5650,0
1491,66370,91,5176,0
1492,49140,71,8832,0
1493,39684,61,2590,0
1494,32025,65,217,0
1495,55568,70,6114,0
1496,45898,52,5617,1
1497,39217,58,864,0
1498,34070,55,1401,0
1499,66768,77,4255,0
1500,31400,90,4464,0
1501,49335,71,2549,0
1502,51774,75,1508,0
1503,43064,71,787,0
1504,41226,77,2155,0
1505,43044,88,1661,0
1506,33546,82,5347,0
1507,69209,54,6284,0
1508,32291,67,277,0
1509,66274,49,11576,1
1510,34102,70,1269,0
1511,21144,49,703,0
1512,41049,77,5890,0
1513,36351,61,6619,1
1514,63144,60,812,0
1515,32086,56,6362,1
1516,28873,90,992,0
1517,65359,46,7707,0
1518,49064,71,5636,0
1519,23763,67,2950,0
1520,51845,71,8750,0
1521,67035,74,11276,0
1522,49240,81,8004,0
1523,36132,46,3009,0
1524,67006,64,3692,0
1525,39453,60,436,0
1526,52205,52,1135,0
1527,46319,73,1523,0
1528,29398,69,4673,0
1529,31135,47,2457,0
1530,65603,47,11775,1
1531,41362,72,607,0
1532,60302,80,6509,0
1533,54468,51,68,0
1534,47683,60,4752,0
1535,38160,59,3429,0
1536,22925,62,2547,0
1537,64087,66,722,0
1538,65824,68,2643,0
1539,53451,77,10529,0
1540,36455,63,2464,0
1541,39573,57,5785,1
1542,41052,77,4652,0
1543,37895,82,6071,0
1544,44827,84,2639,0
1545,28341,67,2248,0
1546,56887,64,10969,0
1547,25146,49,2890,0
1548,54739,56,7218,1
1549,30497,56,4573,1
1550,25358,69,2220,0
1551,29993,77,2749,0
1552,64675,58,4628,0
1553,56256,50,5452,0
1554,31702,56,3587,0
1555,34113,58,6360,1
1556,44666,82,7548,0
1557,39421,54,6111,1
1558,21683,74,339,0
1559,65697,64,5644,0
1560,68657,63,2427,0
1561,66981,55,6678,0
1562,45971,55,4776,0
1563,42965,73,8109,0
1564,50895,46,5556,0
1565,46175,64,1064,0
1566,44984,79,4584,0
1567,66941,50,12380,1
1568,31022,67,6144,0
1569,46583,60,6241,1
1570,56201,71,8346,0
1571,31587,84,2677,0
1572,40716,53,2389,0
1573,64966,56,11495,1
1574,68503,47,3580,0
1575,33867,58,5714,1
1576,54195,67,6649,0
1577,50565,90,693,0
1578,57216,59,3554,0
1579,29849,67,3678,0
1580,29072,66,1589,0
1581,29775,49,3327,0
1582,46672,82,1408,0
1583,66393,86,9540,0
1584,29338,53,5120,1
1585,67289,54,13376,1
1586,45980,59,5929,1
1587,34163,73,6617,0
1588,52216,51,6803,1
1589,62313,88,925,0
1590,49205,52,3393,0
1591,65688,52,3673,0
1592,43489,79,6501,0
1593,40966,74,2393,0
1594,37261,51,2075,0
1595,58775,73,5673,0
1596,39395,64,7557,0
1597,21144,86,987,0
1598,33126,78,4169,0
1599,30931,63,1074,0
1600,31936,87,4087,0
1601,38157,79,5628,0
1602,21032,58,4024,1
1603,50238,62,2567,0
1604,67346,62,6752,0
1605,33261,46,586,0
1606,53113,87,10080,0
1607,42749,84,4626,0
1608,42108,54,1020,0
1609,61344,48,7172,0
1610,54738,54,6210,0
1611,69695,54,8418,1
1612,62507,55,6590,0
1613,61922,52,1933,0
1614,58023,70,2785,0
1615,27010,64,2373,0
1616,21194,53,1102,0
1617,68338,62,12840,1
1618,67772,69,5037,0
1619,67131,86,2271,0
1620,33159,70,2135,0
1621,66087,79,11039,0
1622,60362,52,10306,1
1623,54609,46,5618,0
1624,63637,54,9955,1
1625,40918,65,3813,0
1626,51486,61,3955,0
1627,44896,76,3787,0
1628,24877,57,1546,0
1629,52263,62,10161,1
1630,42775,67,6145,0
1631,67064,46,8945,1
1632,50307,79,7207,0
1633,37432,50,4445,0
1634,30084,46,737,0
1635,61427,48,2163,0
1636,54718,57,2883,0
1637,47923,85,6931,0
1638,22880,46,1909,0
1639,46118,51,2728,0
1640,35082,69,2918,0
1641,38387,58,6453,1
1642,57413,71,9421,0
1643,28198,90,4370,0
1644,50117,60,3599,0
1645,34876,81,3102,0
1646,64126,47,4956,0
1647,41916,76,6106,0
1648,50052,55,5589,0
1649,39158,69,6887,0
1650,62219,47,5831,0
1651,67151,79,3941,0
1652,46166,53,901,0
1653,23881,60,1190,0
1654,48445,66,8733,0
1655,32441,86,840,0
1656,33820,89,4342,0
1657,61812,80,3124,0
1658,25347,89,2188,0
1659,33965,71,3123,0
1660,23641,84,4203,0
1661,50660,80,7511,0
1662,44037,86,5269,0
1663,51657,63,609,0
1664,46573,81,5533,0
1665,26922,72,3950,0
1666,48414,49,2105,0
1667,43974,75,8371,0
1668,65913,50,12972,1
1669,64715,88,11173,0
1670,25481,76,4005,0
1671,54170,65,1048,0
1672,51653,47,1853,0
1673,66054,67,10321,0
1674,60019,47,6978,0
1675,31523,90,5697,0
1676,65660,50,93,0
1677,61893,47,6038,0
1678,49230,75,8375,0
1679,38337,83,5691,0
1680,64016,72,10048,0
1681,46308,68,6815,0
1682,66209,73,7134,0
1683,47770,61,5366,0
1684,29856,46,4731,1
1685,21451,80,1719,0
1686,59673,85,7533,0
1687,47481,48,9402,1
1688,36219,84,4280,0
1689,59458,84,1513,0
1690,67010,79,11646,0
1691,58693,55,4033,0
1692,43041,74,2245,0
1693,31920,80,217,0
1694,32771,86,1853,0
1695,55487,60,178,0
1696,68406,74,2491,0
1697,37277,56,4242,0
1698,39762,53,3809,0
1699,41674,82,3203,0
1700,25789,73,4442,0
1701,24575,64,1667,0
1702,58082,88,9175,0
1703,67881,81,10503,0
1704,50115,54,3447,0
1705,40443,61,1857,0
1706,65824,47,154,0
1707,51199,50,4064,0
1708,67032,72,5487,0
1709,42205,51,2444,0
1710,37730,80,5273,0
1711,47398,78,9041,0
1712,48933,78,5071,0
1713,53078,77,10566,0
1714,53236,85,703,0
1715,58121,86,5161,0
1716,57261,68,2527,0
1717,52102,47,8799,1
1718,45165,65,5534,0
1719,58809,65,5470,0
1720,36598,69,6849,0
1721,62096,53,8034,1
1722,68114,75,4325,0
1723,67978,51,7382,0
1724,26615,81,3458,0
1725,51254,78,8747,0
1726,34428,55,6016,1
1727,60974,61,6165,0
1728,63330,58,5170,0
1729,58168,55,2935,0
1730,59579,79,2319,0
1731,52219,75,6560,0
1732,28700,56,5090,1
1733,27193,49,4518,1
1734,67417,57,6478,0
1735,57341,51,784,0
1736,64056,76,5982,0
1737,66370,66,5906,0
1738,45045,86,8489,0
1739,58609,50,4270,0
1740,53289,60,7395,1
1741,60309,62,2343,0
1742,45139,47,1743,0
1743,22815,89,2749,0
1744,45215,55,383,0
1745,40568,63,5990,0
1746,43721,83,5923,0
1747,38129,47,3964,0
1748,22547,85,2957,0
1749,57468,90,8452,0
1750,25534,65,1084,0
1751,26325,84,3336,0
1752,65913,64,11738,0
1753,67119,46,2725,0
1754,62020,84,114,0
1755,37965,55,299,0
1756,62114,58,12115,1
1757,36871,74,792,0
1758,65030,64,2231,0
1759,23193,69,548,0
1760,59568,68,7685,0
1761,50527,54,5639,0
1762,60776,62,10382,1
1763,61632,62,3028,0
1764,45930,77,7765,0
1765,25857,69,1810,0
1766,55093,83,6485,0
1767,42301,47,1480,0
1768,51903,87,8807,0
1769,64398,63,1674,0
1770,41089,85,997,0
1771,36727,52,794,0
1772,38163,91,454,0
1773,35949,84,3680,0
1774,44979,60,6045,1
1775,48211,58,2606,0
1776,28267,82,965,0
1777,33816,88,5265,0
1778,33078,64,6278,0
1779,36019,70,2987,0
1780,34238,91,6002,0
1781,62064,50,2972,0
1782,44867,83,366,0
1783,37162,56,3110,0
1784,65680,90,8838,0
1785,58772,74,7048,0
1786,32435,71,5685,0
1787,58028,78,5753,0
1788,60595,90,4534,0
1789,36565,47,1888,0
1790,20742,89,2295,0
1791,46666,46,7677,1
1792,32203,89,838,0
1793,36535,57,271,0
1794,28163,86,2121,0
1795,39019,59,3196,0
1796,24709,82,1915,0
1797,43052,59,488,0
1798,25003,81,2183,0
1799,46696,62,4732,0
1800,50112,69,5067,0
1801,43265,72,6194,0
1802,67802,77,13443,0
1803,55408,71,10300,0
1804,67048,83,10839,0
1805,40262,79,6535,0
1806,46427,89,5671,0
1807,46911,51,4263,0
1808,57359,62,10011,1
1809,34569,91,6254,0
1810,52797,49,1080,0
1811,56630,85,8442,0
1812,45245,63,1974,0
1813,20803,89,758,0
1814,57717,76,3153,0
1815,20647,48,725,0
1816,59046,64,8237,0
1817,62662,53,1965,0
1818,33614,74,4837,0
1819,48765,78,5183,0
1820,57240,69,313,0
1821,49973,71,363,0
1822,41255,73,5296,0
1823,61129,63,11302,0
1824,48938,87,3028,0
1825,68648,55,9425,1
1826,41250,67,7651,0
1827,22415,68,4371,0
1828,24112,63,3285,0
1829,41692,90,1708,0
1830,23516,55,559,0
1831,53812,72,3245,0
1832,29750,73,3627,0
1833,22633,65,553,0
1834,28713,82,1936,0
1835,63321,47,8092,1
1836,35276,56,6820,1
1837,35914,88,520,0
1838,31568,91,5067,0
1839,39934,59,184,0
1840,48614,89,5984,0
1841,29838,53,5913,1
1842,57745,64,5540,0
1843,44447,60,2714,0
1844,51768,58,6632,1
1845,34891,83,6152,0
1846,45382,70,2742,0
1847,40719,50,6415,1
1848,55145,85,8968,0
1849,48752,58,8934,1
1850,55763,58,7913,1
1851,36431,74,6783,0
1852,40522,91,7720,0
1853,42465,86,7314,0
1854,38561,73,4831,0
1855,54957,87,6976,0
1856,24822,57,2361,0
1857,25252,51,434,0
1858,25671,46,2272,0
1859,60672,71,6279,0
1860,60729,68,5006,0
1861,40240,54,7498,1
1862,57513,61,6921,1
1863,64287,73,6301,0
1864,48428,61,7718,1
1865,55313,53,9733,1
1866,27045,78,2503,0
1867,58216,55,9581,1
1868,34722,50,4073,0
1869,58503,70,7050,0
1870,55299,90,8052,0
1871,49501,78,2226,0
1872,61765,87,3649,0
1873,48430,46,6069,1
1874,66366,69,465,0
1875,55320,57,5990,0
1876,48774,90,3728,0
1877,61679,52,3060,0
1878,61485,88,3211,0
1879,24402,80,101,0
1880,21258,82,706,0
1881,48763,56,8172,1
1882,24406,65,1733,0
1883,61693,53,1568,0
1884,22748,54,108,0
1885,21479,52,1098,0
1886,51286,73,1134,0
1887,27153,76,3177,0
1888,36370,67,2855,0
1889,32400,89,3591,0
1890,60434,91,2474,0
1891,57303,80,10491,0
1892,42994,64,4453,0
1893,68339,51,2505,0
1894,49292,48,967,0
1895,57802,71,6796,0
1896,50779,67,6859,0
1897,35993,81,93,0
1898,21771,61,350,0
1899,61414,84,9743,0
1900,35784,74,110,0
1901,24791,67,4844,0
1902,49048,80,6363,0
1903,69852,90,9246,0
1904,21217,49,2690,1
1905,48031,71,7826,0
1906,64072,89,2426,0
1907,56689,69,5740,0
1908,45769,83,8236,0
1909,35020,52,6832,1
1910,56751,87,7877,0
1911,27363,72,3215,0
1912,48455,55,1780,0
1913,21424,64,1795,0
1914,69992,69,52,0
1915,68110,60,11029,1
1916,48015,56,54,0
1917,23102,63,1779,0
1918,46134,82,8716,0
1919,48547,84,1940,0
1920,26095,86,5143,0
1921,64057,87,5774,0
1922,24454,80,864,0
1923,40506,80,5961,0
1924,43421,55,4705,0
1925,55881,61,8383,1
1926,45917,73,8253,0
1927,52901,88,729,0
1928,41183,84,7606,0
1929,25379,52,4693,1
1930,27514,64,192,0
1931,44241,47,8733,1
1932,29076,69,286,0
1933,60536,60,3132,0
1934,47881,66,5575,0
1935,49144,79,1633,0
1936,33707,87,321,0
1937,46442,56,1484,0
1938,25602,56,2214,0
1939,61236,64,6562,0
1940,48187,83,2003,0
1941,29933,46,5953,1
1942,41027,72,4369,0
1943,49990,73,1896,0
1944,59792,52,660,0
1945,35879,69,5335,0
1946,29102,55,1890,0
1947,30047,79,5768,0
1948,59299,64,4944,0
1949,64484,61,1391,0
1950,36352,71,6239,0
1951,66034,88,3913,0
1952,51650,68,3743,0
1953,31898,69,2015,0
1954,58780,46,5029,0
1955,67754,70,2989,0
1956,48500,89,7054,0
1957,55704,76,5594,0
1958,50458,80,9852,0
1959,48263,56,7798,1
1960,38755,84,4244,0
1961,68131,85,7813,0
1962,28991,65,1249,0
1963,35108,68,4002,0
1964,28858,51,3764,1
1965,22800,56,3740,1
1966,29572,67,5006,0
1967,21982,62,4265,1
1968,45576,66,4952,0
1969,55068,79,4852,0
1970,56441,71,9043,0
1971,68047,75,4023,0
1972,36275,58,644,0
1973,52389,82,10398,0
1974,23678,75,1779,0
1975,37707,59,268,0
1976,57753,82,5067,0
1977,30529,75,6046,0
1978,44022,59,1707,0
1979,58533,68,7832,0
1980,33702,76,922,0
1981,40236,80,4354,0
1982,62619,71,3959,0
1983,50738,73,9719,0
1984,64466,61,8537,1
1985,64636,88,2583,0
1986,22371,67,2291,0
1987,67994,66,7289,0
1988,49640,48,5760,0
1989,42067,52,4601,0
1990,43662,53,7269,1
1991,34237,62,2658,0
1992,26300,73,2317,0
1993,30803,51,623,0
1994,54421,54,3273,0
1995,24254,65,2225,0
1996,59221,76,1926,0
1997,69516,51,3503,0
1998,44311,56,5522,1
1999,43756,91,1622,0
2000,69436,84,7378,0
