,clientid,income,age,loan,default
0,1,66155,59,8106,0
1,2,34415,48,6564,0
2,3,57317,63,8020,0
3,4,42709,45,6103,0
4,5,66952,18,8770,1
5,6,24904,57,15,0
6,7,48430,26,5722,0
7,8,24500,32,2971,1
8,9,40654,55,4755,0
9,10,25075,39,1409,0
10,11,64131,25,4351,0
11,12,59436,60,9254,0
12,13,61050,26,5893,0
13,14,27267,61,4759,0
14,15,63061,39,1850,0
16,17,43548,39,3935,0
17,18,43378,60,3277,0
18,19,20542,61,3157,0
19,20,58887,26,4965,0
20,21,23000,31,1148,0
22,23,23329,48,222,0
23,24,27845,51,4959,0
24,25,65301,48,5465,0
25,26,47451,27,5361,0
27,28,45727,55,6376,0
29,30,58842,54,10871,0
32,33,67252,38,4221,0
33,34,58886,38,7271,0
34,35,57584,36,1728,0
35,36,26289,20,341,0
36,37,25952,58,2109,0
37,38,32464,50,4326,0
38,39,60921,18,968,0
39,40,26578,32,3489,1
40,41,66260,32,7035,0
41,42,58787,62,4167,0
42,43,62545,49,4362,0
43,44,24381,25,4227,1
44,45,67852,47,5730,0
45,46,41725,18,1185,0
46,47,41896,47,4892,0
47,48,44379,50,1814,0
48,49,28416,57,1788,0
49,50,68427,46,1658,0
50,51,35975,35,6610,0
51,52,57596,29,3344,0
52,53,29681,54,1745,0
53,54,51656,47,7158,0
54,55,24912,49,267,0
55,56,47761,50,5549,0
56,57,22248,23,4364,1
57,58,29724,31,3075,0
58,59,52143,20,2393,0
59,60,56577,36,5947,0
60,61,37660,53,2129,0
61,62,37403,47,2044,0
62,63,31652,62,5151,0
63,64,32727,34,1087,0
64,65,69078,25,4076,0
65,66,40622,41,4949,0
66,67,37521,60,8,0
67,68,30735,22,5946,1
68,69,24857,21,2692,0
69,70,33180,49,4621,0
70,71,66628,52,5992,0
71,72,38564,21,5604,1
72,73,33704,33,5898,1
73,74,57018,44,3507,0
74,75,40526,28,2119,0
75,76,50827,51,1765,0
76,77,40775,60,1922,0
77,78,55467,56,9226,0
78,79,38789,61,7650,0
79,80,58074,50,7388,0
80,81,57814,43,7252,0
81,82,45190,53,7893,0
82,83,36801,43,5406,0
83,84,68811,24,4211,0
84,85,30483,33,4514,1
85,86,44930,19,7708,1
86,87,43671,25,8066,1
87,88,27612,19,1513,0
88,89,53607,27,2378,0
89,90,33036,25,958,0
90,91,64275,61,7520,0
91,92,30673,59,383,0
92,93,58793,56,4391,0
93,94,21053,63,754,0
94,95,42095,55,1183,0
95,96,50360,28,4217,0
96,97,41970,63,1622,0
97,98,51663,63,4147,0
98,99,53601,20,9601,1
99,100,43439,24,6879,1
100,101,51461,36,7292,0
101,102,41285,47,2313,0
102,103,62895,49,2001,0
103,104,57296,25,10601,1
104,105,60844,45,12072,0
105,106,47634,44,141,0
106,107,23998,29,3928,1
107,108,63391,34,190,0
108,109,21534,44,228,0
109,110,28255,35,2109,0
110,111,36496,19,165,0
111,112,41631,53,106,0
112,113,68762,20,2796,0
113,114,30075,29,2628,0
114,115,41302,38,1379,0
115,116,39703,47,2403,0
116,117,63161,59,804,0
117,118,63062,26,56,0
118,119,34507,38,1793,0
119,120,27954,29,1627,0
120,121,37369,35,3783,0
121,122,43912,23,7757,1
122,123,22766,29,1429,0
123,124,21603,21,178,0
124,125,61952,18,3635,0
125,126,36116,22,1494,0
126,127,26157,22,2295,0
127,128,26458,59,552,0
128,129,69156,53,7364,0
129,130,39441,46,1034,0
130,131,60119,45,1810,0
131,132,55613,24,4255,0
132,133,37049,29,6056,1
133,134,23122,53,4263,0
134,135,48790,32,5519,0
135,136,59132,48,4575,0
136,137,55305,53,8176,0
137,138,26037,24,3293,1
138,139,64899,38,4654,0
139,140,27089,21,5029,1
140,141,45341,22,6525,1
141,142,24865,37,4439,0
142,143,28239,26,4189,1
143,144,52730,50,5706,0
144,145,28982,39,2898,0
145,146,36221,26,5094,1
146,147,33551,58,4333,0
147,148,43891,49,5792,0
148,149,45148,60,6455,0
149,150,58481,40,5380,0
150,151,69579,57,10868,0
151,152,52743,44,2684,0
152,153,65635,51,12701,0
153,154,34559,29,3317,0
154,155,60218,32,3157,0
155,156,51689,46,9881,0
156,157,47541,55,1611,0
157,158,62905,27,11423,1
158,159,65632,47,12498,0
159,160,31847,41,2913,0
160,161,27947,58,5514,0
161,162,62246,31,406,0
162,163,40154,60,6013,0
163,164,58627,33,1215,0
164,165,33441,27,5282,1
165,166,55603,43,1411,0
166,167,31046,29,4907,1
167,168,44708,21,2390,0
168,169,23340,42,2707,0
169,170,24830,28,2046,0
170,171,31422,53,1686,0
171,172,60477,60,10711,0
172,173,26039,49,2056,0
173,174,36186,50,1130,0
174,175,39772,43,5492,0
175,176,34730,63,818,0
176,177,23118,57,1746,0
177,178,50072,33,8088,1
178,179,67465,23,1802,0
179,180,38625,19,5836,1
180,181,45227,26,5521,1
181,182,64901,44,9589,0
182,183,40543,51,6507,0
183,184,27793,60,382,0
184,185,61167,20,10396,1
185,186,64619,26,9704,1
186,187,37593,54,7274,0
187,188,35032,56,135,0
188,189,58364,55,5809,0
189,190,56945,45,6388,0
190,191,27204,29,3827,1
191,192,21648,52,3558,0
192,193,31077,44,4452,0
193,194,42522,53,6790,0
194,195,31769,44,1148,0
195,196,35556,23,6361,1
196,197,52908,53,9841,0
197,198,35045,28,2382,0
198,199,44488,33,2751,0
199,200,41679,53,395,0
200,201,54619,52,10780,0
201,202,38053,26,6110,1
202,203,64718,37,1485,0
203,204,43159,62,4350,0
204,205,29445,28,1758,0
205,206,25817,37,4115,0
206,207,66356,61,10725,0
207,208,56676,46,2278,0
208,209,61000,48,2160,0
209,210,58906,42,9290,0
210,211,49589,42,2627,0
211,212,40141,56,845,0
212,213,31659,31,858,0
213,214,62658,25,3343,0
214,215,39264,37,5255,0
215,216,46643,53,6440,0
216,217,30515,20,415,0
217,218,65077,50,11061,0
218,219,60871,61,4844,0
219,220,25011,36,3834,0
220,221,68407,60,597,0
221,222,43727,55,1170,0
222,223,45788,41,5894,0
223,224,65705,50,1969,0
224,225,32434,41,2738,0
225,226,58121,27,7531,1
226,227,62498,31,3312,0
227,228,26090,48,4255,0
228,229,64780,20,8402,1
229,230,65588,22,7879,1
230,231,65743,52,7724,0
231,232,37164,47,1445,0
232,233,65176,48,2365,0
233,234,34615,25,6476,1
234,235,59079,58,10326,0
235,236,56267,22,7329,1
236,237,34862,54,6040,0
237,238,60521,45,8035,0
238,239,42276,57,8055,0
239,240,38451,63,3441,0
240,241,45985,53,7382,0
241,242,51000,27,778,0
242,243,31523,40,5174,0
243,244,28648,18,1870,0
244,245,27514,21,3400,1
245,246,27441,37,1455,0
246,247,67709,50,5136,0
247,248,38600,44,2749,0
248,249,30950,26,5043,1
249,250,27083,60,3286,0
250,251,21512,24,2453,0
251,252,34796,58,443,0
252,253,27089,51,1851,0
253,254,25259,39,4341,0
254,255,47007,45,4069,0
255,256,20358,53,1064,0
256,257,67900,43,7902,0
257,258,54418,55,5630,0
258,259,51288,29,6536,1
259,260,28199,36,3871,0
260,261,22199,60,1498,0
261,262,50514,57,2003,0
262,263,34414,54,617,0
263,264,37633,29,868,0
264,265,55235,47,4910,0
265,266,45587,62,8366,0
266,267,52757,53,2321,0
267,268,41174,52,2888,0
268,269,25685,39,490,0
269,270,28145,55,4805,0
270,271,52094,40,495,0
271,272,33552,25,6054,1
272,273,37400,50,1693,0
273,274,21605,23,2828,1
274,275,57562,56,8508,0
275,276,62288,25,10657,1
276,277,22767,45,1205,0
277,278,20943,19,4098,1
278,279,20622,30,3518,1
279,280,48436,49,5851,0
280,281,27574,57,1017,0
281,282,62889,33,6525,0
282,283,37683,55,7414,0
283,284,54974,61,8922,0
284,285,56326,40,4816,0
285,286,65670,50,3950,0
286,287,50730,41,1879,0
287,288,64184,46,1854,0
288,289,66179,48,3646,0
289,290,24969,45,3595,0
290,291,54925,40,554,0
291,292,67879,43,10433,0
292,293,67787,53,9607,0
293,294,31657,37,1448,0
294,295,36559,19,3030,0
295,296,57787,22,6339,0
296,297,42521,47,2661,0
297,298,51935,21,5649,0
298,299,45677,51,2966,0
299,300,51363,21,761,0
300,301,27218,55,4145,0
301,302,43677,32,6739,1
302,303,21533,57,1971,0
303,304,28010,55,3971,0
304,305,51589,50,56,0
305,306,50480,27,8831,1
306,307,43957,21,5416,1
307,308,61878,33,567,0
308,309,60153,20,6472,0
309,310,33388,62,4551,0
310,311,41310,53,4481,0
311,312,25576,51,1922,0
312,313,51455,37,9447,0
313,314,48134,47,2075,0
314,315,51348,52,1507,0
315,316,20532,54,1897,0
316,317,33297,46,3674,0
317,318,55858,25,5630,0
318,319,43777,20,3601,0
319,320,27789,58,186,0
320,321,36132,34,99,0
321,322,20145,21,839,0
322,323,63108,43,5757,0
323,324,26581,61,5090,0
324,325,62040,62,7643,0
325,326,69958,30,8755,1
326,327,38082,45,4213,0
327,328,45183,33,5953,1
328,329,36242,39,5688,0
329,330,44527,42,4588,0
330,331,40496,20,4834,0
331,332,24698,48,2427,0
332,333,60560,49,1994,0
333,334,48018,50,6120,0
334,335,30216,26,2116,0
335,336,61742,44,8068,0
336,337,47288,62,4004,0
337,338,24658,59,590,0
338,339,64644,58,9848,0
339,340,57517,52,4536,0
340,341,52945,54,6262,0
341,342,36366,47,371,0
342,343,62113,27,11928,1
343,344,62279,26,6801,0
344,345,61799,56,5619,0
345,346,50139,30,7758,1
346,347,69566,52,9875,0
347,348,44897,51,5732,0
348,349,22572,51,724,0
349,350,37123,19,5659,1
350,351,68744,60,5207,0
351,352,21081,52,2395,0
352,353,58828,32,5947,0
353,354,46706,18,7084,1
354,355,32312,28,228,0
355,356,60778,43,10021,0
356,357,30948,42,3995,0
357,358,60122,62,7189,0
358,359,43321,32,743,0
359,360,47904,40,6183,0
360,361,58597,53,2588,0
361,362,66091,24,8743,1
362,363,47316,27,1940,0
363,364,40872,54,5312,0
364,365,35154,52,4037,0
365,366,32222,61,934,0
366,367,40447,22,1072,0
367,368,48463,50,8120,0
368,369,42843,28,839,0
369,370,50310,53,8361,0
370,371,57565,37,5353,0
371,372,55066,55,9332,0
372,373,46065,52,4947,0
373,374,38309,55,3545,0
374,375,54472,59,10836,0
375,376,58695,29,1826,0
376,377,54748,31,5438,0
377,378,46328,56,7879,0
378,379,49633,38,7915,0
379,380,66339,35,2350,0
380,381,62650,33,6425,0
381,382,27646,56,3132,0
382,383,21437,45,2563,0
383,384,50648,56,7110,0
384,385,29670,53,2928,0
385,386,20258,29,2767,1
386,387,34475,42,3162,0
387,388,28926,62,750,0
388,389,20660,49,1756,0
389,390,24987,49,3946,0
390,391,29672,51,607,0
391,392,23241,40,457,0
392,393,24217,23,2104,0
393,394,65574,23,3031,0
394,395,55994,31,680,0
395,396,67369,57,2299,0
396,397,23305,28,4521,1
397,398,35195,49,2836,0
398,399,27135,54,1387,0
399,400,24037,23,2469,0
400,401,51625,44,4592,0
401,402,50705,53,1096,0
402,403,58079,18,11540,1
403,404,62192,46,1863,0
404,405,62553,63,4641,0
405,406,68147,22,12307,1
406,407,27619,47,2774,0
407,408,65330,28,4030,0
408,409,26680,47,1671,0
409,410,46104,51,2342,0
410,411,44904,44,4953,0
411,412,52934,50,3248,0
412,413,43509,18,7363,1
413,414,22118,63,3928,0
414,415,56275,30,2224,0
415,416,48630,27,5862,1
416,417,64272,37,4929,0
417,418,24349,53,3890,0
418,419,34332,36,1225,0
419,420,64940,43,8196,0
420,421,30595,40,3495,0
421,422,53422,28,7441,1
422,423,69995,52,2084,0
423,424,48270,45,6232,0
424,425,27028,48,331,0
425,426,23519,34,2368,0
426,427,37302,35,2366,0
427,428,55601,18,10533,1
428,429,62678,25,333,0
429,430,41602,25,7005,1
430,431,27533,46,1551,0
431,432,30594,50,118,0
432,433,47846,24,3713,0
433,434,55273,25,10282,1
434,435,23086,24,1256,0
435,436,29621,32,5575,1
436,437,47533,39,6637,0
437,438,62519,44,2324,0
438,439,50878,44,3257,0
439,440,58580,56,4317,0
440,441,69445,28,10643,1
441,442,60929,60,11146,0
442,443,35496,47,168,0
443,444,33572,57,3369,0
444,445,55306,20,5272,0
445,446,34141,47,3371,0
446,447,40453,20,890,0
447,448,69088,53,11246,0
448,449,30885,55,5216,0
449,450,58683,24,271,0
450,451,60675,39,11617,0
451,452,68460,35,949,0
452,453,63653,27,8866,1
453,454,42522,18,5036,0
454,455,54140,30,7896,1
455,456,47548,47,6153,0
456,457,24114,52,3900,0
457,458,20686,33,3052,1
458,459,21412,26,2639,1
459,460,69391,63,2550,0
460,461,32319,42,2733,0
461,462,52862,47,9754,0
462,463,48383,39,2763,0
463,464,36430,38,5855,0
464,465,44268,27,6043,1
465,466,63806,56,114,0
466,467,46195,32,927,0
467,468,23743,42,3254,0
468,469,22089,21,2584,0
469,470,54707,44,10255,0
470,471,23203,58,749,0
471,472,25342,40,871,0
472,473,31645,32,5193,1
473,474,32306,21,3603,0
474,475,61262,49,5564,0
475,476,26388,19,1191,0
476,477,53009,36,3589,0
477,478,58163,58,2237,0
478,479,38665,55,6152,0
479,480,25289,53,3701,0
480,481,66049,29,13172,1
481,482,56282,62,8215,0
482,483,35778,30,5544,1
483,484,29174,18,665,0
484,485,55934,60,5643,0
485,486,32256,20,2809,0
486,487,68052,28,1415,0
487,488,26957,55,4172,0
488,489,48685,32,9698,1
489,490,38288,28,1723,0
490,491,42468,28,1902,0
491,492,55377,46,6882,0
492,493,54231,21,10156,1
493,494,53283,49,4065,0
494,495,52534,47,3810,0
495,496,47847,26,8494,1
496,497,59998,54,4659,0
497,498,58684,31,5415,0
498,499,49114,61,6388,0
499,500,57179,21,2991,0
500,501,69395,23,11047,1
501,502,43963,41,4481,0
502,503,66326,40,5602,0
503,504,35886,34,843,0
504,505,35578,42,3640,0
505,506,48689,36,3859,0
506,507,56510,47,9255,0
507,508,50275,41,5541,0
508,509,56665,61,11159,0
509,510,42912,60,4550,0
510,511,22169,36,947,0
511,512,35919,27,1227,0
512,513,61987,27,2618,0
513,514,30044,49,1428,0
514,515,61528,55,10897,0
515,516,31196,47,987,0
516,517,66003,33,11207,1
517,518,56960,25,4856,0
518,519,41315,57,1378,0
519,520,64913,26,9781,1
520,521,32804,62,4961,0
521,522,25789,26,2410,0
522,523,31908,38,1857,0
523,524,56050,23,6870,1
524,525,66505,25,6571,0
525,526,57504,55,8107,0
526,527,44619,59,2474,0
527,528,21158,54,3562,0
528,529,22765,20,540,0
529,530,25052,45,3367,0
530,531,61006,54,5850,0
531,532,62321,45,10649,0
532,533,49604,51,7045,0
533,534,48433,28,789,0
534,535,57590,19,7676,1
535,536,62691,25,8244,1
536,537,51121,58,6471,0
537,538,22516,55,4267,0
538,539,60857,37,10486,0
539,540,62908,51,3213,0
540,541,49665,50,2713,0
541,542,65322,41,2739,0
542,543,20598,35,3872,0
543,544,55476,52,4733,0
544,545,26218,18,3343,1
545,546,40794,38,6519,0
546,547,53719,42,1670,0
547,548,20715,27,369,0
548,549,57163,53,577,0
549,550,33751,25,6494,1
550,551,44832,32,1256,0
551,552,51035,58,2889,0
552,553,53493,21,5030,0
553,554,58205,56,10035,0
554,555,47439,22,7896,1
555,556,47586,42,3343,0
556,557,26100,62,960,0
557,558,45326,59,5142,0
558,559,24391,47,2198,0
559,560,53741,49,6513,0
560,561,40053,27,44,0
561,562,53033,38,10427,0
562,563,25176,53,3064,0
563,564,31210,54,3853,0
564,565,23532,59,1077,0
565,566,63776,43,6697,0
566,567,52278,45,4269,0
567,568,56015,32,2275,0
568,569,56110,62,9351,0
569,570,57856,33,8824,1
570,571,30187,28,4462,1
571,572,30786,47,3563,0
572,573,22279,58,3141,0
573,574,42476,46,8334,0
574,575,58147,34,3951,0
575,576,36266,55,3206,0
576,577,39045,27,1165,0
577,578,64467,63,521,0
578,579,36594,60,3492,0
579,580,58797,53,8892,0
580,581,66653,19,5180,0
581,582,48271,21,6077,1
582,583,30991,34,4589,1
583,584,45446,19,8474,1
584,585,37142,50,161,0
585,586,58320,20,10033,1
586,587,24825,54,3650,0
587,588,20511,27,931,0
588,589,48326,35,7168,0
589,590,55441,48,10768,0
590,591,60496,33,1115,0
591,592,25296,44,1320,0
592,593,50414,56,2468,0
593,594,67984,27,1642,0
594,595,50382,57,9183,0
595,596,49413,18,2554,0
596,597,61464,36,5099,0
597,598,53784,24,2761,0
598,599,35993,41,901,0
599,600,63402,47,7530,0
600,601,40484,39,1093,0
601,602,26168,41,3040,0
602,603,60044,61,6823,0
603,604,23984,51,4622,0
604,605,40359,32,1783,0
605,606,33583,62,1251,0
606,607,68038,62,10108,0
607,608,45652,53,5408,0
608,609,34399,31,6019,1
609,610,57628,23,5021,0
610,611,24294,22,4360,1
611,612,52218,37,9792,0
612,613,50061,55,6145,0
613,614,49352,57,3362,0
614,615,21087,49,3353,0
615,616,23812,42,2716,0
616,617,49395,41,5927,0
617,618,33338,46,2929,0
618,619,29668,38,2042,0
619,620,45936,41,8525,0
620,621,55948,40,8569,0
621,622,53239,63,4606,0
622,623,43694,49,5049,0
623,624,24078,38,3276,0
624,625,50258,22,1086,0
625,626,41816,48,4534,0
626,627,36892,54,6463,0
627,628,23886,34,4440,1
628,629,48757,23,1833,0
629,630,34601,33,2430,0
630,631,52986,50,4928,0
631,632,50740,21,784,0
632,633,53096,36,2663,0
633,634,38500,53,7571,0
634,635,41004,55,1016,0
635,636,63585,49,1594,0
636,637,31823,30,2290,0
637,638,26242,32,1801,0
638,639,63531,19,6917,0
639,640,64751,53,2289,0
640,641,31091,50,4071,0
641,642,66871,62,3614,0
642,643,25098,51,2611,0
643,644,33720,47,1365,0
644,645,28182,25,2285,0
645,646,27334,42,2963,0
646,647,68694,23,12731,1
647,648,46195,26,2888,0
648,649,34488,27,2156,0
649,650,57827,23,10816,1
650,651,20346,35,656,0
651,652,60480,53,3216,0
652,653,51915,44,2282,0
653,654,54625,31,8619,1
654,655,48305,55,4833,0
655,656,28577,21,1639,0
656,657,53400,58,10418,0
657,658,43414,44,7170,0
658,659,47526,57,8957,0
659,660,46082,55,2921,0
660,661,32195,62,4980,0
661,662,49067,60,7258,0
662,663,21293,42,1368,0
663,664,52100,23,4767,0
664,665,48334,53,2234,0
665,666,58507,48,694,0
666,667,27521,35,2699,0
667,668,63914,26,139,0
668,669,28598,52,524,0
669,670,23298,48,1741,0
670,671,35697,51,2907,0
671,672,40376,38,3901,0
672,673,56534,27,2161,0
673,674,36088,41,6222,0
674,675,34158,29,2911,0
675,676,29732,38,3485,0
676,677,41736,34,7602,1
677,678,42236,24,4749,0
678,679,28796,44,706,0
679,680,55097,33,9342,1
680,681,40916,48,5219,0
681,682,20908,28,3133,1
682,683,57999,62,859,0
683,684,57746,63,727,0
684,685,55116,41,10284,0
685,686,57765,43,5445,0
686,687,45200,43,7335,0
687,688,42435,51,2766,0
688,689,46365,41,5443,0
689,690,57187,59,9390,0
690,691,66539,57,12129,0
691,692,25244,53,1278,0
692,693,54780,61,8134,0
693,694,59253,36,7327,0
694,695,48540,21,1012,0
695,696,30415,22,4362,1
696,697,48768,25,500,0
697,698,52299,18,7880,1
698,699,42242,34,2070,0
699,700,28218,42,1305,0
700,701,40208,61,459,0
701,702,61419,30,9921,1
702,703,51282,26,8445,1
703,704,36017,43,1526,0
704,705,57575,33,9857,1
705,706,53330,42,2343,0
706,707,39834,63,699,0
707,708,62469,24,7286,0
708,709,40334,45,6808,0
709,710,47542,40,9448,0
710,711,55883,27,974,0
711,712,29163,43,1469,0
712,713,47786,29,7181,1
713,714,29736,35,657,0
714,715,50831,24,9572,1
715,716,62030,46,7572,0
716,717,54049,54,4569,0
717,718,34336,35,3441,0
718,719,31895,48,3423,0
719,720,51894,59,6579,0
720,721,37616,53,5732,0
721,722,22076,56,3948,0
722,723,56252,57,7327,0
723,724,26316,37,923,0
724,725,23120,40,1417,0
725,726,39033,59,5757,0
726,727,32420,32,1494,0
727,728,68827,25,1049,0
728,729,58092,41,5277,0
729,730,43538,46,8523,0
730,731,64040,59,5408,0
731,732,34395,25,2089,0
732,733,57405,45,6914,0
733,734,22581,40,34,0
734,735,27952,42,3965,0
735,736,54022,26,10641,1
736,737,63546,44,6170,0
737,738,60713,56,396,0
738,739,44519,32,1446,0
739,740,40997,55,7908,0
740,741,63661,25,6095,0
741,742,34429,39,2240,0
742,743,29181,48,2529,0
743,744,52510,40,1858,0
744,745,37536,25,2634,0
745,746,35683,44,4337,0
746,747,45622,41,528,0
747,748,67385,29,6747,0
748,749,69411,47,12176,0
749,750,48322,29,7732,1
750,751,40836,22,6994,1
751,752,38035,60,4298,0
752,753,42696,44,222,0
753,754,24181,22,1529,0
754,755,33194,51,6615,0
755,756,32541,34,780,0
756,757,38381,54,322,0
757,758,25921,58,5104,0
758,759,58810,22,9099,1
759,760,63025,56,2956,0
760,761,29954,61,5774,0
761,762,40641,37,5042,0
762,763,43940,38,2855,0
763,764,65166,25,8859,1
764,765,58820,30,530,0
765,766,50719,43,4770,0
766,767,46766,47,2383,0
767,768,67520,45,13041,0
768,769,28386,31,1718,0
769,770,68276,34,4842,0
770,771,30731,40,1129,0
771,772,30012,54,3972,0
772,773,38075,53,6928,0
773,774,55932,44,4876,0
774,775,27966,53,4445,0
775,776,53825,49,5272,0
776,777,65451,60,8129,0
777,778,39473,42,6034,0
778,779,42344,47,6800,0
779,780,36112,60,3737,0
780,781,32720,33,4367,1
781,782,27973,49,403,0
782,783,21306,35,3791,0
783,784,36029,52,2928,0
784,785,48457,22,8108,1
785,786,46038,39,6868,0
786,787,34247,34,6458,1
787,788,64247,31,4513,0
788,789,62109,41,2816,0
789,790,21481,19,1137,0
790,791,20762,25,2385,0
791,792,33756,40,1169,0
792,793,54325,29,6978,1
793,794,33197,59,3993,0
794,795,56846,30,5268,0
795,796,26542,45,4233,0
796,797,53200,59,3090,0
797,798,38073,32,2284,0
798,799,43937,56,3213,0
799,800,49284,51,493,0
800,801,22869,25,527,0
801,802,60113,40,8253,0
802,803,23613,32,2469,0
803,804,68755,53,10990,0
804,805,26449,46,2952,0
805,806,42855,47,4923,0
806,807,25686,35,3728,0
807,808,67125,36,7482,0
808,809,27427,59,719,0
809,810,37145,53,1510,0
810,811,41702,41,6105,0
811,812,20710,49,3960,0
812,813,39124,44,401,0
813,814,32834,60,4184,0
814,815,26267,58,1136,0
815,816,41254,28,6993,1
816,817,38268,30,2522,0
817,818,37087,57,6391,0
818,819,38458,55,3644,0
819,820,40185,31,1002,0
820,821,65481,45,10614,0
821,822,57426,20,2461,0
822,823,47903,46,4283,0
823,824,34222,52,3582,0
824,825,28481,47,5302,0
825,826,43069,41,4091,0
826,827,33093,33,3852,0
827,828,61363,62,9636,0
828,829,68100,47,8124,0
829,830,50551,56,5262,0
830,831,54421,22,6229,0
831,832,32152,57,3550,0
832,833,40230,58,745,0
833,834,53483,29,1459,0
834,835,65137,42,10352,0
835,836,29496,54,2216,0
836,837,45181,48,2243,0
837,838,24994,34,51,0
838,839,54820,20,10070,1
839,840,62955,29,207,0
840,841,52956,25,959,0
841,842,40366,32,7410,1
842,843,60005,40,10677,0
843,844,37598,54,3641,0
844,845,61323,60,8699,0
845,846,21243,57,3438,0
846,847,62111,25,499,0
847,848,56524,54,5296,0
848,849,51718,34,1036,0
849,850,43205,23,4835,0
850,851,26934,35,4113,0
851,852,68966,54,6690,0
852,853,31527,59,2062,0
853,854,46839,28,1498,0
854,855,32151,42,4601,0
855,856,40831,47,6429,0
856,857,30868,58,4618,0
857,858,62988,32,6924,0
858,859,65496,61,11805,0
859,860,63032,24,390,0
860,861,27287,18,4509,1
861,862,44299,24,5154,0
862,863,44091,30,1664,0
863,864,26617,28,2727,0
864,865,21856,47,1500,0
865,866,28072,54,1,0
866,867,35950,35,2664,0
867,868,28982,35,1440,0
868,869,51790,41,1281,0
869,870,65000,21,1114,0
870,871,29761,21,3748,1
871,872,23081,53,257,0
872,873,60016,22,1522,0
873,874,54619,53,901,0
874,875,66274,36,10257,0
875,876,49380,45,5425,0
876,877,46283,48,2166,0
877,878,25554,42,4229,0
878,879,36680,22,4849,1
879,880,30383,46,2153,0
880,881,67730,26,8881,1
881,882,36446,40,2927,0
882,883,33648,60,1498,0
883,884,53852,42,2089,0
884,885,61298,48,9399,0
885,886,69465,20,7983,0
886,887,39102,29,4200,0
887,888,29366,22,4049,1
888,889,67949,34,1790,0
889,890,29468,22,3703,1
890,891,56839,36,9004,0
891,892,38277,44,7405,0
892,893,49664,39,5571,0
893,894,49972,32,763,0
894,895,27356,63,2983,0
895,896,36840,36,6557,0
896,897,51438,46,6898,0
897,898,40614,20,2649,0
898,899,56738,63,3210,0
899,900,68004,41,2698,0
900,901,44458,52,1456,0
901,902,66801,19,288,0
902,903,48991,18,7453,1
903,904,69430,58,2648,0
904,905,27989,27,1770,0
905,906,67675,37,4396,0
906,907,47985,33,8801,1
907,908,43388,35,7007,0
908,909,63182,25,3493,0
909,910,20568,25,2257,0
910,911,25833,19,3716,1
911,912,23087,37,423,0
912,913,36124,25,6485,1
913,914,57330,44,1058,0
914,915,47240,55,4286,0
915,916,55730,55,9286,0
916,917,61660,48,1684,0
917,918,49746,29,7354,1
918,919,23973,55,95,0
919,920,28085,45,4431,0
920,921,33585,60,3933,0
921,922,44179,51,5888,0
922,923,56025,29,4341,0
923,924,49369,51,109,0
924,925,26889,62,675,0
925,926,30873,38,4076,0
926,927,30608,46,2632,0
927,928,54878,42,1504,0
928,929,32423,63,2961,0
929,930,46608,20,1521,0
930,931,65689,28,255,0
931,932,49054,54,1102,0
932,933,20310,54,1279,0
933,934,66423,18,1066,0
934,935,45783,63,7492,0
935,936,62887,42,6849,0
936,937,51088,52,9097,0
937,938,66217,19,745,0
938,939,62799,35,6752,0
939,940,45789,36,4545,0
940,941,59727,50,5203,0
941,942,35513,60,6983,0
942,943,29178,63,1664,0
943,944,67501,49,7589,0
944,945,66255,28,7475,0
945,946,63558,36,9282,0
946,947,63441,18,3119,0
947,948,64983,27,9109,1
948,949,56946,55,11175,0
949,950,52349,35,5181,0
950,951,31473,27,797,0
951,952,59267,34,5085,0
952,953,66809,31,1316,0
953,954,48083,39,9193,0
954,955,20629,28,3310,1
955,956,25363,31,3946,1
956,957,28873,62,2224,0
957,958,41430,33,5719,1
958,959,53612,23,5976,0
959,960,51555,57,9217,0
960,961,46564,50,599,0
961,962,61200,19,406,0
962,963,29307,61,481,0
963,964,67687,20,10506,1
964,965,52565,55,372,0
965,966,52920,20,9521,1
966,967,34981,23,5502,1
967,968,65210,27,12607,1
968,969,60016,54,2857,0
969,970,23066,33,1933,0
970,971,52603,43,2043,0
971,972,20111,53,1745,0
972,973,32759,43,5211,0
973,974,30578,55,3010,0
974,975,21211,32,931,0
975,976,53746,29,9534,1
976,977,45214,18,1779,0
977,978,58465,20,11417,1
978,979,54422,58,444,0
979,980,62842,62,107,0
980,981,53005,45,2539,0
981,982,40749,26,6207,1
982,983,49804,20,7235,1
983,984,37277,26,6289,1
984,985,46883,30,6342,1
985,986,31763,35,3489,0
986,987,61013,24,1791,0
987,988,41285,22,532,0
988,989,39133,21,433,0
989,990,62171,24,1035,0
990,991,53638,44,109,0
991,992,49264,58,3051,0
992,993,63114,48,11890,0
993,994,58165,45,4155,0
994,995,43029,27,6894,1
995,996,21593,51,458,0
996,997,49104,35,9452,0
997,998,65776,39,2805,0
998,999,36192,21,7236,1
999,1000,62165,19,4739,0
1000,1001,50793,41,421,0
1001,1002,62422,32,2841,0
1002,1003,63166,56,4058,0
1003,1004,23717,49,1530,0
1004,1005,66797,21,11921,1
1005,1006,30272,19,1440,0
1006,1007,55741,52,3181,0
1007,1008,30742,26,5685,1
1008,1009,20491,35,1579,0
1009,1010,35620,40,3611,0
1010,1011,50206,33,5826,0
1011,1012,67935,60,8267,0
1012,1013,59223,22,3901,0
1013,1014,32657,32,1796,0
1014,1015,55931,23,4053,0
1015,1016,23694,22,764,0
1016,1017,44324,23,2672,0
1017,1018,34735,62,1402,0
1018,1019,67064,22,1091,0
1019,1020,42761,45,610,0
1020,1021,49517,31,7337,1
1021,1022,54372,29,839,0
1022,1023,29941,48,3170,0
1023,1024,68414,51,6154,0
1024,1025,23891,51,3475,0
1025,1026,47187,24,7933,1
1026,1027,39819,63,3577,0
1027,1028,50632,53,1262,0
1028,1029,39970,40,7867,0
1029,1030,55176,49,7822,0
1030,1031,50533,56,117,0
1031,1032,52983,42,5567,0
1032,1033,31187,30,593,0
1033,1034,34909,25,2852,0
1034,1035,53810,51,9154,0
1035,1036,55478,53,6227,0
1036,1037,60394,57,8293,0
1037,1038,36845,51,1790,0
1038,1039,60264,54,2241,0
1039,1040,52981,18,3759,0
1040,1041,50222,21,8734,1
1041,1042,59256,38,9812,0
1042,1043,43203,40,7730,0
1043,1044,46288,23,6053,1
1044,1045,58176,52,9852,0
1045,1046,25631,47,4778,0
1046,1047,58977,30,9442,1
1047,1048,25048,54,2341,0
1048,1049,33436,34,5473,1
1049,1050,23787,36,3041,0
1050,1051,69456,48,13190,0
1051,1052,65447,39,3269,0
1052,1053,68743,56,2290,0
1053,1054,36052,49,2830,0
1054,1055,24820,38,51,0
1055,1056,26046,54,4669,0
1056,1057,60850,59,7206,0
1057,1058,69929,51,12427,0
1058,1059,53298,56,2106,0
1059,1060,48818,49,2312,0
1060,1061,38042,32,3495,0
1061,1062,42119,60,1930,0
1062,1063,62247,39,1870,0
1063,1064,62252,28,1699,0
1064,1065,36973,38,4144,0
1065,1066,54217,26,8836,1
1066,1067,44218,58,1693,0
1067,1068,33274,23,2244,0
1068,1069,54656,18,9911,1
1069,1070,67593,25,9864,1
1070,1071,39472,42,596,0
1071,1072,30572,48,1847,0
1072,1073,50447,58,2443,0
1073,1074,49198,49,483,0
1074,1075,53768,25,3696,0
1075,1076,52809,61,6276,0
1076,1077,38011,19,4625,1
1077,1078,58910,31,3671,0
1078,1079,57914,50,6715,0
1079,1080,39494,28,3544,0
1080,1081,45918,38,1910,0
1081,1082,55649,19,7660,1
1082,1083,27136,18,2253,0
1083,1084,62724,39,9255,0
1084,1085,32921,43,2553,0
1085,1086,28482,19,329,0
1086,1087,44170,24,2168,0
1087,1088,60664,22,5873,0
1088,1089,64501,33,12147,1
1089,1090,28237,50,2728,0
1090,1091,67420,21,3668,0
1091,1092,55642,38,2841,0
1092,1093,56086,34,3990,0
1093,1094,57676,20,10504,1
1094,1095,62535,39,9490,0
1095,1096,60686,48,10614,0
1096,1097,25032,46,680,0
1097,1098,22228,33,2187,0
1098,1099,41435,34,3702,0
1099,1100,43955,51,7833,0
1100,1101,60063,59,6766,0
1101,1102,34635,18,4859,1
1102,1103,63944,32,12213,1
1103,1104,35403,34,2929,0
1104,1105,53654,44,6587,0
1105,1106,23508,52,4622,0
1106,1107,61869,36,1040,0
1107,1108,20674,23,299,0
1108,1109,22127,61,1777,0
1109,1110,27408,37,2591,0
1110,1111,60720,38,3278,0
1111,1112,34760,34,28,0
1112,1113,23057,46,2487,0
1113,1114,42380,35,6832,0
1114,1115,37887,24,5061,1
1115,1116,39988,54,357,0
1116,1117,25026,62,3845,0
1117,1118,43588,40,6453,0
1118,1119,20897,28,2940,1
1119,1120,24904,53,3376,0
1120,1121,66068,35,5626,0
1121,1122,36126,40,3805,0
1122,1123,23626,34,2173,0
1123,1124,30200,62,4871,0
1124,1125,65569,62,12494,0
1125,1126,20617,46,2224,0
1126,1127,25817,21,3682,1
1127,1128,21448,31,1989,0
1128,1129,69370,52,4605,0
1129,1130,34145,31,4074,0
1130,1131,52651,57,6529,0
1131,1132,40069,43,3646,0
1132,1133,39246,48,919,0
1133,1134,56233,57,9642,0
1134,1135,49264,19,801,0
1135,1136,30451,42,475,0
1136,1137,28726,34,3675,1
1137,1138,20113,30,2507,1
1138,1139,43434,52,3672,0
1139,1140,59208,30,11479,1
1140,1141,69310,42,1590,0
1141,1142,60567,40,571,0
1142,1143,22048,53,4199,0
1143,1144,66733,52,5366,0
1144,1145,22209,22,4096,1
1145,1146,49032,54,1777,0
1146,1147,26558,57,22,0
1147,1148,49255,36,4951,0
1148,1149,30218,48,5914,0
1149,1150,56317,24,8045,1
1150,1151,53825,45,431,0
1151,1152,34927,54,1957,0
1152,1153,53287,59,4432,0
1153,1154,32032,50,4582,0
1154,1155,48405,47,3766,0
1155,1156,46132,26,3216,0
1156,1157,29049,57,2562,0
1157,1158,68550,19,3879,0
1158,1159,47474,37,5083,0
1159,1160,50021,23,1054,0
1160,1161,64089,37,6272,0
1161,1162,28451,41,1042,0
1162,1163,58132,29,5491,0
1163,1164,30961,32,162,0
1164,1165,64162,53,6938,0
1165,1166,67470,52,12715,0
1166,1167,68263,42,4124,0
1167,1168,42889,57,6340,0
1168,1169,20155,41,3489,0
1169,1170,58178,49,10948,0
1170,1171,45735,52,2944,0
1171,1172,30037,38,1247,0
1172,1173,64392,37,4513,0
1173,1174,26291,52,1094,0
1174,1175,36008,20,3709,0
1175,1176,54953,44,365,0
1176,1177,28753,49,4990,0
1177,1178,41993,36,6644,0
1178,1179,56696,57,9686,0
1179,1180,51906,36,10235,0
1180,1181,30939,47,6115,0
1181,1182,38520,56,4176,0
1182,1183,33489,25,3581,0
1183,1184,52836,38,5671,0
1184,1185,51733,24,7906,1
1185,1186,41273,32,3299,0
1186,1187,68223,28,7364,0
1187,1188,28222,40,613,0
1188,1189,21921,62,1901,0
1189,1190,38852,27,7513,1
1190,1191,59621,54,7014,0
1191,1192,41377,45,5324,0
1192,1193,54405,57,6253,0
1193,1194,60103,56,2632,0
1194,1195,67528,52,7877,0
1195,1196,61156,31,3250,0
1196,1197,42955,45,2962,0
1197,1198,46923,36,3107,0
1198,1199,24951,62,2544,0
1199,1200,26267,34,59,0
1200,1201,64603,33,11264,1
1201,1202,34667,18,2827,0
1202,1203,66008,19,9189,1
1203,1204,45840,32,5299,0
1204,1205,32188,49,4659,0
1205,1206,50289,24,6127,1
1206,1207,36837,54,1598,0
1207,1208,28852,44,5705,0
1208,1209,68127,47,12099,0
1209,1210,41349,53,8083,0
1210,1211,69132,33,7621,0
1211,1212,38477,27,289,0
1212,1213,68291,46,9577,0
1213,1214,58074,59,8551,0
1214,1215,26867,32,1730,0
1215,1216,32348,59,3229,0
1216,1217,31044,49,4465,0
1217,1218,29279,18,2291,0
1218,1219,35145,47,510,0
1219,1220,44405,34,3917,0
1220,1221,42059,55,5310,0
1221,1222,28612,58,4948,0
1222,1223,46546,60,254,0
1223,1224,22832,32,3318,1
1224,1225,21565,44,4136,0
1225,1226,26078,31,3665,1
1226,1227,60503,20,6766,0
1227,1228,31233,41,1662,0
1228,1229,34505,49,2151,0
1229,1230,35485,47,2482,0
1230,1231,45986,20,7112,1
1231,1232,43308,34,6777,1
1232,1233,53284,32,849,0
1233,1234,68398,36,8106,0
1234,1235,64743,56,4304,0
1235,1236,68412,28,551,0
1236,1237,59695,27,8889,1
1237,1238,32406,20,3394,0
1238,1239,33184,60,4580,0
1239,1240,47688,34,1377,0
1240,1241,42591,45,4602,0
1241,1242,34051,35,6224,0
1242,1243,61800,29,9143,1
1243,1244,45360,27,4569,0
1244,1245,20252,27,3360,1
1245,1246,30134,43,958,0
1246,1247,56217,51,2866,0
1247,1248,31722,34,2877,0
1248,1249,60178,33,3203,0
1249,1250,51144,37,3411,0
1250,1251,22449,35,1187,0
1251,1252,44932,27,622,0
1252,1253,40929,20,2352,0
1253,1254,31092,43,5617,0
1254,1255,44743,53,2574,0
1255,1256,60770,33,2242,0
1256,1257,43528,59,2264,0
1257,1258,25008,63,2941,0
1258,1259,47433,60,9139,0
1259,1260,50064,29,417,0
1260,1261,60348,60,3037,0
1261,1262,67471,26,4448,0
1262,1263,30492,61,4834,0
1263,1264,25640,22,3105,1
1264,1265,55040,52,8352,0
1265,1266,34476,23,898,0
1266,1267,23345,38,4548,0
1267,1268,24426,34,823,0
1268,1269,65849,30,5051,0
1269,1270,60454,41,7875,0
1270,1271,22680,55,1743,0
1271,1272,44471,19,5883,1
1272,1273,46572,59,721,0
1273,1274,24369,61,1366,0
1274,1275,56830,37,10462,0
1275,1276,46942,55,2187,0
1276,1277,42521,54,6745,0
1277,1278,63188,51,3960,0
1278,1279,29410,23,812,0
1279,1280,46668,57,1833,0
1280,1281,62693,22,5321,0
1281,1282,65307,23,1906,0
1282,1283,59589,20,4191,0
1283,1284,41019,23,3005,0
1284,1285,48058,47,6527,0
1285,1286,50208,35,729,0
1286,1287,62526,61,5835,0
1287,1288,48192,29,5026,0
1288,1289,30884,31,4099,1
1289,1290,36965,53,6333,0
1290,1291,43536,27,6427,1
1291,1292,69181,39,1173,0
1292,1293,64233,26,12104,1
1293,1294,52593,19,811,0
1294,1295,32282,42,3345,0
1295,1296,54077,57,7149,0
1296,1297,51595,28,385,0
1297,1298,23097,53,4517,0
1298,1299,27407,26,2949,0
1299,1300,64395,63,10054,0
1300,1301,60432,41,6300,0
1301,1302,42990,29,4665,0
1302,1303,41581,22,7895,1
1303,1304,53289,47,8047,0
1304,1305,22372,31,1118,0
1305,1306,57119,22,10211,1
1306,1307,31112,49,424,0
1307,1308,68936,43,11073,0
1308,1309,20436,56,2356,0
1309,1310,20583,21,53,0
1310,1311,58988,19,4728,0
1311,1312,45311,26,3103,0
1312,1313,60856,37,10238,0
1313,1314,45818,48,8137,0
1314,1315,20904,41,2606,0
1315,1316,49908,29,2903,0
1316,1317,55988,31,7745,1
1317,1318,62125,21,5700,0
1318,1319,48822,60,599,0
1319,1320,29976,57,3796,0
1320,1321,41944,61,1203,0
1321,1322,36970,33,1268,0
1322,1323,39992,20,4999,1
1323,1324,42450,61,6210,0
1324,1325,42146,23,7367,1
1325,1326,52841,18,5957,0
1326,1327,66418,62,9340,0
1327,1328,44047,27,2096,0
1328,1329,24821,19,874,0
1329,1330,35583,63,27,0
1330,1331,25289,21,2130,0
1331,1332,39770,45,280,0
1332,1333,59511,29,2520,0
1333,1334,51211,45,4093,0
1334,1335,56530,45,5957,0
1335,1336,42604,41,7942,0
1336,1337,66642,56,4958,0
1337,1338,35527,47,325,0
1338,1339,66896,31,387,0
1339,1340,51980,35,6243,0
1340,1341,40081,43,770,0
1341,1342,50167,42,5592,0
1342,1343,39545,43,5787,0
1343,1344,43372,55,474,0
1344,1345,33084,59,5762,0
1345,1346,53187,63,4879,0
1346,1347,48290,30,4902,0
1347,1348,66078,45,3664,0
1348,1349,51547,53,6563,0
1349,1350,39393,52,5415,0
1350,1351,69592,63,13025,0
1351,1352,54588,31,2847,0
1352,1353,44964,48,693,0
1353,1354,46081,50,1487,0
1354,1355,45564,22,715,0
1355,1356,62657,28,5771,0
1356,1357,67921,35,1399,0
1357,1358,59514,57,2504,0
1358,1359,48422,41,3520,0
1359,1360,22001,31,2155,0
1360,1361,52529,18,9808,1
1361,1362,24061,34,3980,1
1362,1363,23450,34,1419,0
1363,1364,32866,44,6037,0
1364,1365,30958,43,1558,0
1365,1366,27550,29,3944,1
1366,1367,36024,51,4155,0
1367,1368,46801,34,5315,0
1368,1369,27082,60,4990,0
1369,1370,65435,19,12727,1
1370,1371,59295,51,493,0
1371,1372,45435,21,2143,0
1372,1373,61742,34,326,0
1373,1374,31396,34,3719,0
1374,1375,35916,53,6401,0
1375,1376,43969,25,7455,1
1376,1377,60624,39,6740,0
1377,1378,69939,55,2225,0
1378,1379,69755,44,13766,0
1379,1380,69478,22,10229,1
1380,1381,34192,27,5233,1
1381,1382,57457,50,3608,0
1382,1383,63910,56,8986,0
1383,1384,26643,19,1413,0
1384,1385,23985,24,2284,0
1385,1386,63660,50,7832,0
1386,1387,44102,21,842,0
1387,1388,29409,41,3388,0
1388,1389,49294,37,4574,0
1389,1390,39553,53,7063,0
1390,1391,68583,57,2922,0
1391,1392,31060,53,3729,0
1392,1393,29190,60,5239,0
1393,1394,63437,54,11963,0
1394,1395,35243,35,748,0
1395,1396,36475,63,413,0
1396,1397,63271,23,11298,1
1397,1398,45540,59,1490,0
1398,1399,68565,21,1231,0
1399,1400,20063,24,2495,1
1400,1401,44222,55,7443,0
1401,1402,67839,47,5609,0
1402,1403,54009,49,884,0
1403,1404,52234,47,9255,0
1404,1405,28423,61,5282,0
1405,1406,52623,50,1156,0
1406,1407,25636,55,1239,0
1407,1408,60842,60,6608,0
1408,1409,36727,58,7287,0
1409,1410,63830,35,5271,0
1410,1411,43108,22,647,0
1411,1412,25285,19,1027,0
1412,1413,57646,62,1452,0
1413,1414,51027,61,3313,0
1414,1415,37389,34,7365,1
1415,1416,65017,26,1017,0
1416,1417,20595,45,1330,0
1417,1418,56445,55,6875,0
1418,1419,60864,44,3704,0
1419,1420,51231,62,813,0
1420,1421,41103,63,3644,0
1421,1422,56267,43,8238,0
1422,1423,20774,35,1347,0
1423,1424,46424,59,4087,0
1424,1425,29909,62,4495,0
1425,1426,62808,56,6465,0
1426,1427,41243,52,4161,0
1427,1428,46089,63,1618,0
1428,1429,69191,57,6270,0
1429,1430,60846,32,8974,1
1430,1431,66558,48,3090,0
1431,1432,27428,54,1287,0
1432,1433,60912,60,3870,0
1433,1434,28127,41,3279,0
1434,1435,64029,36,1644,0
1435,1436,61836,29,10971,1
1436,1437,37005,58,1068,0
1437,1438,56003,18,3639,0
1438,1439,58038,54,538,0
1439,1440,29237,24,23,0
1440,1441,33265,21,5968,1
1441,1442,66236,35,2756,0
1442,1443,41978,52,1603,0
1443,1444,63453,23,10668,1
1444,1445,24985,50,2017,0
1445,1446,53593,62,1428,0
1446,1447,54179,52,10028,0
1447,1448,20126,36,1432,0
1448,1449,51180,56,2875,0
1449,1450,36455,38,3437,0
1450,1451,39188,22,3545,0
1451,1452,47852,38,3295,0
1452,1453,20014,43,2426,0
1453,1454,28630,27,4406,1
1454,1455,66688,48,9690,0
1455,1456,53226,43,5686,0
1456,1457,35609,47,2574,0
1457,1458,64065,43,771,0
1458,1459,54935,42,7921,0
1459,1460,67800,28,5035,0
1460,1461,46893,43,9131,0
1461,1462,54648,56,10674,0
1462,1463,31410,36,5797,0
1463,1464,36989,33,556,0
1464,1465,33198,30,4285,1
1465,1466,47704,21,2717,0
1466,1467,30569,37,4752,0
1467,1468,61398,63,9008,0
1468,1469,67750,33,6855,0
1469,1470,47637,51,6708,0
1470,1471,38357,25,2548,0
1471,1472,43156,27,2413,0
1472,1473,41101,35,5240,0
1473,1474,59475,36,2628,0
1474,1475,40708,32,5532,1
1475,1476,30391,59,2072,0
1476,1477,46024,24,4318,0
1477,1478,66529,59,6337,0
1478,1479,68115,37,7458,0
1479,1480,38423,29,3676,0
1480,1481,33227,23,6470,1
1481,1482,61674,54,4054,0
1482,1483,26931,41,3668,0
1483,1484,60040,44,2659,0
1484,1485,26181,42,2618,0
1485,1486,61552,61,4042,0
1486,1487,29705,41,1912,0
1487,1488,53934,21,2085,0
1488,1489,23007,48,2296,0
1489,1490,48552,29,5650,0
1490,1491,66370,63,5176,0
1491,1492,49140,43,8832,0
1492,1493,39684,33,2590,0
1493,1494,32025,37,217,0
1494,1495,55568,42,6114,0
1495,1496,45898,24,5617,1
1496,1497,39217,30,864,0
1497,1498,34070,27,1401,0
1498,1499,66768,49,4255,0
1499,1500,31400,62,4464,0
1500,1501,49335,43,2549,0
1501,1502,51774,47,1508,0
1502,1503,43064,43,787,0
1503,1504,41226,49,2155,0
1504,1505,43044,60,1661,0
1505,1506,33546,54,5347,0
1506,1507,69209,26,6284,0
1507,1508,32291,39,277,0
1508,1509,66274,21,11576,1
1509,1510,34102,42,1269,0
1510,1511,21144,21,703,0
1511,1512,41049,49,5890,0
1512,1513,36351,33,6619,1
1513,1514,63144,32,812,0
1514,1515,32086,28,6362,1
1515,1516,28873,62,992,0
1516,1517,65359,18,7707,0
1517,1518,49064,43,5636,0
1518,1519,23763,39,2950,0
1519,1520,51845,43,8750,0
1520,1521,67035,46,11276,0
1521,1522,49240,53,8004,0
1522,1523,36132,18,3009,0
1523,1524,67006,36,3692,0
1524,1525,39453,32,436,0
1525,1526,52205,24,1135,0
1526,1527,46319,45,1523,0
1527,1528,29398,41,4673,0
1528,1529,31135,19,2457,0
1529,1530,65603,19,11775,1
1530,1531,41362,44,607,0
1531,1532,60302,52,6509,0
1532,1533,54468,23,68,0
1533,1534,47683,32,4752,0
1534,1535,38160,31,3429,0
1535,1536,22925,34,2547,0
1536,1537,64087,38,722,0
1537,1538,65824,40,2643,0
1538,1539,53451,49,10529,0
1539,1540,36455,35,2464,0
1540,1541,39573,29,5785,1
1541,1542,41052,49,4652,0
1542,1543,37895,54,6071,0
1543,1544,44827,56,2639,0
1544,1545,28341,39,2248,0
1545,1546,56887,36,10969,0
1546,1547,25146,21,2890,0
1547,1548,54739,28,7218,1
1548,1549,30497,28,4573,1
1549,1550,25358,41,2220,0
1550,1551,29993,49,2749,0
1551,1552,64675,30,4628,0
1552,1553,56256,22,5452,0
1553,1554,31702,28,3587,0
1554,1555,34113,30,6360,1
1555,1556,44666,54,7548,0
1556,1557,39421,26,6111,1
1557,1558,21683,46,339,0
1558,1559,65697,36,5644,0
1559,1560,68657,35,2427,0
1560,1561,66981,27,6678,0
1561,1562,45971,27,4776,0
1562,1563,42965,45,8109,0
1563,1564,50895,18,5556,0
1564,1565,46175,36,1064,0
1565,1566,44984,51,4584,0
1566,1567,66941,22,12380,1
1567,1568,31022,39,6144,0
1568,1569,46583,32,6241,1
1569,1570,56201,43,8346,0
1570,1571,31587,56,2677,0
1571,1572,40716,25,2389,0
1572,1573,64966,28,11495,1
1573,1574,68503,19,3580,0
1574,1575,33867,30,5714,1
1575,1576,54195,39,6649,0
1576,1577,50565,62,693,0
1577,1578,57216,31,3554,0
1578,1579,29849,39,3678,0
1579,1580,29072,38,1589,0
1580,1581,29775,21,3327,0
1581,1582,46672,54,1408,0
1582,1583,66393,58,9540,0
1583,1584,29338,25,5120,1
1584,1585,67289,26,13376,1
1585,1586,45980,31,5929,1
1586,1587,34163,45,6617,0
1587,1588,52216,23,6803,1
1588,1589,62313,60,925,0
1589,1590,49205,24,3393,0
1590,1591,65688,24,3673,0
1591,1592,43489,51,6501,0
1592,1593,40966,46,2393,0
1593,1594,37261,23,2075,0
1594,1595,58775,45,5673,0
1595,1596,39395,36,7557,0
1596,1597,21144,58,987,0
1597,1598,33126,50,4169,0
1598,1599,30931,35,1074,0
1599,1600,31936,59,4087,0
1600,1601,38157,51,5628,0
1601,1602,21032,30,4024,1
1602,1603,50238,34,2567,0
1603,1604,67346,34,6752,0
1604,1605,33261,18,586,0
1605,1606,53113,59,10080,0
1606,1607,42749,56,4626,0
1607,1608,42108,26,1020,0
1608,1609,61344,20,7172,0
1609,1610,54738,26,6210,0
1610,1611,69695,26,8418,1
1611,1612,62507,27,6590,0
1612,1613,61922,24,1933,0
1613,1614,58023,42,2785,0
1614,1615,27010,36,2373,0
1615,1616,21194,25,1102,0
1616,1617,68338,34,12840,1
1617,1618,67772,41,5037,0
1618,1619,67131,58,2271,0
1619,1620,33159,42,2135,0
1620,1621,66087,51,11039,0
1621,1622,60362,24,10306,1
1622,1623,54609,18,5618,0
1623,1624,63637,26,9955,1
1624,1625,40918,37,3813,0
1625,1626,51486,33,3955,0
1626,1627,44896,48,3787,0
1627,1628,24877,29,1546,0
1628,1629,52263,34,10161,1
1629,1630,42775,39,6145,0
1630,1631,67064,18,8945,1
1631,1632,50307,51,7207,0
1632,1633,37432,22,4445,0
1633,1634,30084,18,737,0
1634,1635,61427,20,2163,0
1635,1636,54718,29,2883,0
1636,1637,47923,57,6931,0
1637,1638,22880,18,1909,0
1638,1639,46118,23,2728,0
1639,1640,35082,41,2918,0
1640,1641,38387,30,6453,1
1641,1642,57413,43,9421,0
1642,1643,28198,62,4370,0
1643,1644,50117,32,3599,0
1644,1645,34876,53,3102,0
1645,1646,64126,19,4956,0
1646,1647,41916,48,6106,0
1647,1648,50052,27,5589,0
1648,1649,39158,41,6887,0
1649,1650,62219,19,5831,0
1650,1651,67151,51,3941,0
1651,1652,46166,25,901,0
1652,1653,23881,32,1190,0
1653,1654,48445,38,8733,0
1654,1655,32441,58,840,0
1655,1656,33820,61,4342,0
1656,1657,61812,52,3124,0
1657,1658,25347,61,2188,0
1658,1659,33965,43,3123,0
1659,1660,23641,56,4203,0
1660,1661,50660,52,7511,0
1661,1662,44037,58,5269,0
1662,1663,51657,35,609,0
1663,1664,46573,53,5533,0
1664,1665,26922,44,3950,0
1665,1666,48414,21,2105,0
1666,1667,43974,47,8371,0
1667,1668,65913,22,12972,1
1668,1669,64715,60,11173,0
1669,1670,25481,48,4005,0
1670,1671,54170,37,1048,0
1671,1672,51653,19,1853,0
1672,1673,66054,39,10321,0
1673,1674,60019,19,6978,0
1674,1675,31523,62,5697,0
1675,1676,65660,22,93,0
1676,1677,61893,19,6038,0
1677,1678,49230,47,8375,0
1678,1679,38337,55,5691,0
1679,1680,64016,44,10048,0
1680,1681,46308,40,6815,0
1681,1682,66209,45,7134,0
1682,1683,47770,33,5366,0
1683,1684,29856,18,4731,1
1684,1685,21451,52,1719,0
1685,1686,59673,57,7533,0
1686,1687,47481,20,9402,1
1687,1688,36219,56,4280,0
1688,1689,59458,56,1513,0
1689,1690,67010,51,11646,0
1690,1691,58693,27,4033,0
1691,1692,43041,46,2245,0
1692,1693,31920,52,217,0
1693,1694,32771,58,1853,0
1694,1695,55487,32,178,0
1695,1696,68406,46,2491,0
1696,1697,37277,28,4242,0
1697,1698,39762,25,3809,0
1698,1699,41674,54,3203,0
1699,1700,25789,45,4442,0
1700,1701,24575,36,1667,0
1701,1702,58082,60,9175,0
1702,1703,67881,53,10503,0
1703,1704,50115,26,3447,0
1704,1705,40443,33,1857,0
1705,1706,65824,19,154,0
1706,1707,51199,22,4064,0
1707,1708,67032,44,5487,0
1708,1709,42205,23,2444,0
1709,1710,37730,52,5273,0
1710,1711,47398,50,9041,0
1711,1712,48933,50,5071,0
1712,1713,53078,49,10566,0
1713,1714,53236,57,703,0
1714,1715,58121,58,5161,0
1715,1716,57261,40,2527,0
1716,1717,52102,19,8799,1
1717,1718,45165,37,5534,0
1718,1719,58809,37,5470,0
1719,1720,36598,41,6849,0
1720,1721,62096,25,8034,1
1721,1722,68114,47,4325,0
1722,1723,67978,23,7382,0
1723,1724,26615,53,3458,0
1724,1725,51254,50,8747,0
1725,1726,34428,27,6016,1
1726,1727,60974,33,6165,0
1727,1728,63330,30,5170,0
1728,1729,58168,27,2935,0
1729,1730,59579,51,2319,0
1730,1731,52219,47,6560,0
1731,1732,28700,28,5090,1
1732,1733,27193,21,4518,1
1733,1734,67417,29,6478,0
1734,1735,57341,23,784,0
1735,1736,64056,48,5982,0
1736,1737,66370,38,5906,0
1737,1738,45045,58,8489,0
1738,1739,58609,22,4270,0
1739,1740,53289,32,7395,1
1740,1741,60309,34,2343,0
1741,1742,45139,19,1743,0
1742,1743,22815,61,2749,0
1743,1744,45215,27,383,0
1744,1745,40568,35,5990,0
1745,1746,43721,55,5923,0
1746,1747,38129,19,3964,0
1747,1748,22547,57,2957,0
1748,1749,57468,62,8452,0
1749,1750,25534,37,1084,0
1750,1751,26325,56,3336,0
1751,1752,65913,36,11738,0
1752,1753,67119,18,2725,0
1753,1754,62020,56,114,0
1754,1755,37965,27,299,0
1755,1756,62114,30,12115,1
1756,1757,36871,46,792,0
1757,1758,65030,36,2231,0
1758,1759,23193,41,548,0
1759,1760,59568,40,7685,0
1760,1761,50527,26,5639,0
1761,1762,60776,34,10382,1
1762,1763,61632,34,3028,0
1763,1764,45930,49,7765,0
1764,1765,25857,41,1810,0
1765,1766,55093,55,6485,0
1766,1767,42301,19,1480,0
1767,1768,51903,59,8807,0
1768,1769,64398,35,1674,0
1769,1770,41089,57,997,0
1770,1771,36727,24,794,0
1771,1772,38163,63,454,0
1772,1773,35949,56,3680,0
1773,1774,44979,32,6045,1
1774,1775,48211,30,2606,0
1775,1776,28267,54,965,0
1776,1777,33816,60,5265,0
1777,1778,33078,36,6278,0
1778,1779,36019,42,2987,0
1779,1780,34238,63,6002,0
1780,1781,62064,22,2972,0
1781,1782,44867,55,366,0
1782,1783,37162,28,3110,0
1783,1784,65680,62,8838,0
1784,1785,58772,46,7048,0
1785,1786,32435,43,5685,0
1786,1787,58028,50,5753,0
1787,1788,60595,62,4534,0
1788,1789,36565,19,1888,0
1789,1790,20742,61,2295,0
1790,1791,46666,18,7677,1
1791,1792,32203,61,838,0
1792,1793,36535,29,271,0
1793,1794,28163,58,2121,0
1794,1795,39019,31,3196,0
1795,1796,24709,54,1915,0
1796,1797,43052,31,488,0
1797,1798,25003,53,2183,0
1798,1799,46696,34,4732,0
1799,1800,50112,41,5067,0
1800,1801,43265,44,6194,0
1801,1802,67802,49,13443,0
1802,1803,55408,43,10300,0
1803,1804,67048,55,10839,0
1804,1805,40262,51,6535,0
1805,1806,46427,61,5671,0
1806,1807,46911,23,4263,0
1807,1808,57359,34,10011,1
1808,1809,34569,63,6254,0
1809,1810,52797,21,1080,0
1810,1811,56630,57,8442,0
1811,1812,45245,35,1974,0
1812,1813,20803,61,758,0
1813,1814,57717,48,3153,0
1814,1815,20647,20,725,0
1815,1816,59046,36,8237,0
1816,1817,62662,25,1965,0
1817,1818,33614,46,4837,0
1818,1819,48765,50,5183,0
1819,1820,57240,41,313,0
1820,1821,49973,43,363,0
1821,1822,41255,45,5296,0
1822,1823,61129,35,11302,0
1823,1824,48938,59,3028,0
1824,1825,68648,27,9425,1
1825,1826,41250,39,7651,0
1826,1827,22415,40,4371,0
1827,1828,24112,35,3285,0
1828,1829,41692,62,1708,0
1829,1830,23516,27,559,0
1830,1831,53812,44,3245,0
1831,1832,29750,45,3627,0
1832,1833,22633,37,553,0
1833,1834,28713,54,1936,0
1834,1835,63321,19,8092,1
1835,1836,35276,28,6820,1
1836,1837,35914,60,520,0
1837,1838,31568,63,5067,0
1838,1839,39934,31,184,0
1839,1840,48614,61,5984,0
1840,1841,29838,25,5913,1
1841,1842,57745,36,5540,0
1842,1843,44447,32,2714,0
1843,1844,51768,30,6632,1
1844,1845,34891,55,6152,0
1845,1846,45382,42,2742,0
1846,1847,40719,22,6415,1
1847,1848,55145,57,8968,0
1848,1849,48752,30,8934,1
1849,1850,55763,30,7913,1
1850,1851,36431,46,6783,0
1851,1852,40522,63,7720,0
1852,1853,42465,58,7314,0
1853,1854,38561,45,4831,0
1854,1855,54957,59,6976,0
1855,1856,24822,29,2361,0
1856,1857,25252,23,434,0
1857,1858,25671,18,2272,0
1858,1859,60672,43,6279,0
1859,1860,60729,40,5006,0
1860,1861,40240,26,7498,1
1861,1862,57513,33,6921,1
1862,1863,64287,45,6301,0
1863,1864,48428,33,7718,1
1864,1865,55313,25,9733,1
1865,1866,27045,50,2503,0
1866,1867,58216,27,9581,1
1867,1868,34722,22,4073,0
1868,1869,58503,42,7050,0
1869,1870,55299,62,8052,0
1870,1871,49501,50,2226,0
1871,1872,61765,59,3649,0
1872,1873,48430,18,6069,1
1873,1874,66366,41,465,0
1874,1875,55320,29,5990,0
1875,1876,48774,62,3728,0
1876,1877,61679,24,3060,0
1877,1878,61485,60,3211,0
1878,1879,24402,52,101,0
1879,1880,21258,54,706,0
1880,1881,48763,28,8172,1
1881,1882,24406,37,1733,0
1882,1883,61693,25,1568,0
1883,1884,22748,26,108,0
1884,1885,21479,24,1098,0
1885,1886,51286,45,1134,0
1886,1887,27153,48,3177,0
1887,1888,36370,39,2855,0
1888,1889,32400,61,3591,0
1889,1890,60434,63,2474,0
1890,1891,57303,52,10491,0
1891,1892,42994,36,4453,0
1892,1893,68339,23,2505,0
1893,1894,49292,20,967,0
1894,1895,57802,43,6796,0
1895,1896,50779,39,6859,0
1896,1897,35993,53,93,0
1897,1898,21771,33,350,0
1898,1899,61414,56,9743,0
1899,1900,35784,46,110,0
1900,1901,24791,39,4844,0
1901,1902,49048,52,6363,0
1902,1903,69852,62,9246,0
1903,1904,21217,21,2690,1
1904,1905,48031,43,7826,0
1905,1906,64072,61,2426,0
1906,1907,56689,41,5740,0
1907,1908,45769,55,8236,0
1908,1909,35020,24,6832,1
1909,1910,56751,59,7877,0
1910,1911,27363,44,3215,0
1911,1912,48455,27,1780,0
1912,1913,21424,36,1795,0
1913,1914,69992,41,52,0
1914,1915,68110,32,11029,1
1915,1916,48015,28,54,0
1916,1917,23102,35,1779,0
1917,1918,46134,54,8716,0
1918,1919,48547,56,1940,0
1919,1920,26095,58,5143,0
1920,1921,64057,59,5774,0
1921,1922,24454,52,864,0
1922,1923,40506,52,5961,0
1923,1924,43421,27,4705,0
1924,1925,55881,33,8383,1
1925,1926,45917,45,8253,0
1926,1927,52901,60,729,0
1927,1928,41183,56,7606,0
1928,1929,25379,24,4693,1
1929,1930,27514,36,192,0
1930,1931,44241,19,8733,1
1931,1932,29076,41,286,0
1932,1933,60536,32,3132,0
1933,1934,47881,38,5575,0
1934,1935,49144,51,1633,0
1935,1936,33707,59,321,0
1936,1937,46442,28,1484,0
1937,1938,25602,28,2214,0
1938,1939,61236,36,6562,0
1939,1940,48187,55,2003,0
1940,1941,29933,18,5953,1
1941,1942,41027,44,4369,0
1942,1943,49990,45,1896,0
1943,1944,59792,24,660,0
1944,1945,35879,41,5335,0
1945,1946,29102,27,1890,0
1946,1947,30047,51,5768,0
1947,1948,59299,36,4944,0
1948,1949,64484,33,1391,0
1949,1950,36352,43,6239,0
1950,1951,66034,60,3913,0
1951,1952,51650,40,3743,0
1952,1953,31898,41,2015,0
1953,1954,58780,18,5029,0
1954,1955,67754,42,2989,0
1955,1956,48500,61,7054,0
1956,1957,55704,48,5594,0
1957,1958,50458,52,9852,0
1958,1959,48263,28,7798,1
1959,1960,38755,56,4244,0
1960,1961,68131,57,7813,0
1961,1962,28991,37,1249,0
1962,1963,35108,40,4002,0
1963,1964,28858,23,3764,1
1964,1965,22800,28,3740,1
1965,1966,29572,39,5006,0
1966,1967,21982,34,4265,1
1967,1968,45576,38,4952,0
1968,1969,55068,51,4852,0
1969,1970,56441,43,9043,0
1970,1971,68047,47,4023,0
1971,1972,36275,30,644,0
1972,1973,52389,54,10398,0
1973,1974,23678,47,1779,0
1974,1975,37707,31,268,0
1975,1976,57753,54,5067,0
1976,1977,30529,47,6046,0
1977,1978,44022,31,1707,0
1978,1979,58533,40,7832,0
1979,1980,33702,48,922,0
1980,1981,40236,52,4354,0
1981,1982,62619,43,3959,0
1982,1983,50738,45,9719,0
1983,1984,64466,33,8537,1
1984,1985,64636,60,2583,0
1985,1986,22371,39,2291,0
1986,1987,67994,38,7289,0
1987,1988,49640,20,5760,0
1988,1989,42067,24,4601,0
1989,1990,43662,25,7269,1
1990,1991,34237,34,2658,0
1991,1992,26300,45,2317,0
1992,1993,30803,23,623,0
1993,1994,54421,26,3273,0
1994,1995,24254,37,2225,0
1995,1996,59221,48,1926,0
1996,1997,69516,23,3503,0
1997,1998,44311,28,5522,1
1998,1999,43756,63,1622,0
1999,2000,69436,56,7378,0
